"month","PC1","PC2","PC3","PC4","PC5","PC6","PC7","PC8","PC9","PC10"
1968-01-01,-0.0463893319083457,0.04264409100659,0.00176425230960514,-0.033137061343093,0.00832875559482415,0.00342380651966108,0.0165438721316435,-0.000437665240127162,-0.00245542568822146,0.00169022112610416
1968-02-01,0.0116414815842761,0.0430972511622461,0.0266222161766096,-0.0154465453000929,0.00102386774884668,-0.0105860641793243,-0.00584711983303928,-0.00454069657017537,0.00434091048305851,0.00133368743047658
1968-03-01,0.0238969273160571,-0.0117473384581257,-0.00530249933543906,-0.00313508039859786,0.0097950450180167,0.0051725534431423,-0.00446648539964666,-0.00136665341623963,0.0030282938414651,0.0013675024991243
1968-04-01,0.0115134816640765,-0.0679137629909136,-0.0449102134268355,0.00601248293643674,0.00226025727419954,0.0134310770008093,0.00716623311515362,0.00555858943862118,-0.000857590756103704,0.00112151154994675
1968-05-01,-0.0228745476024443,-0.0374416246675452,-0.0411664816116781,-0.0146593234434149,0.0191315864544285,0.00922484721847758,0.011604863874333,-0.00213395785722833,0.00397383222424088,0.00562160053843823
1968-06-01,-0.0217306625816612,0.0524259231173825,0.00744848225091831,0.00808209817085513,-3.4165995799936e-06,-0.00335067724181021,-0.00130901392139707,0.00432674263520596,0.00781629041799066,0.00674785274067867
1968-07-01,-0.0187123462426962,0.0414745346935625,-0.00755430455977915,-0.00827167730056327,-0.000516836798532744,-0.00638884005373204,0.0122909326068457,0.00239405652508263,0.00328979941544301,0.00727490272255822
1968-08-01,-0.00764147233430528,-0.00745568563916023,-0.0200461280821002,-0.0189831423936478,0.00048153678208558,0.00572063531815498,0.0082436558148148,-0.00130162513477951,0.00153563544098945,0.00736520357541455
1968-09-01,-0.00112382152091142,-0.0287246985486651,-0.0121333295944749,-0.0106854195111441,-0.0101729731537792,0.00313075493894231,0.00197877122580318,0.00494056424252951,-0.00228600926824589,-0.000294013928040081
1968-10-01,-0.0102550762124084,0.0220035955091463,0.0187469434369987,-0.00360723430341641,-0.013103040811985,-0.00168758869822943,-0.00409073636455427,-0.000132293340893412,0.00414880423694295,0.000558496445021235
1968-11-01,0.00227799971071992,-0.0174966967957589,-0.0102250067072428,0.0203471744217988,-0.00558438658697105,0.00163161983606908,0.0023054408798718,-0.000102960096101906,-1.9931831726035e-05,0.00659643626344723
1968-12-01,-0.0293438192690383,-0.00164933120837346,-0.00799958426142,0.010462412345482,0.00364370220187452,0.00203560534526656,0.0024367358573769,0.00710251672955681,0.00359446950845224,0.000443619053649243
1969-01-01,-0.010829662101439,0.00219027911316735,0.00472442547440825,0.000226839440727289,0.00365911515894287,-0.000651835649604532,0.00245627246069255,0.00192577928409692,0.00594213675075199,-0.0036328471800027
1969-02-01,0.0163905024300915,0.0376319523347338,0.0169438842924765,-0.00307388565449241,0.0104917379276842,0.00109902690202689,-0.00374161850011018,-0.00271659010270411,0.00390170186987761,-0.00445640823271366
1969-03-01,0.0100599288343074,-0.00291676298454299,-0.0394387855566348,-0.0162772969632935,0.0150567832318678,0.00803854990507191,-0.00206525945310207,0.00138783749387626,-0.00278142562700577,-0.000451865174351996
1969-04-01,0.00118420551293227,-0.00837769515274226,-0.0137828450538712,-0.006028814280391,0.00256025898129767,0.00920871233773567,-0.00262197980679965,-0.00176230151315203,0.000163311582737281,-0.000389170513471228
1969-05-01,-0.00633866633197596,0.00644233611245367,-0.012988695999116,0.000272009051893006,0.00800407310367673,-0.000716665732497186,0.00238380793523058,0.000629858186771727,0.00173508583075199,-0.00130208465174829
1969-06-01,0.0402951529757468,0.0244779801573954,0.0174227402494417,0.0104320140441217,0.0337630585179481,-0.00188245213230714,-0.00375816889551204,-0.00166581410455782,0.0081748444742965,-0.00262741395495502
1969-07-01,0.0232975625212079,0.0426126310185567,-0.0108133137381922,-0.00257403408102703,0.00896409455147849,0.00355484753876591,-0.00399204139725509,0.00278009434922898,0.0027910085564298,-0.00115886131424483
1969-08-01,0.014454557570987,-0.0339821561671224,-0.0213509524144047,-0.004234619659627,-0.00455106398231529,-0.0049813188227363,-0.00353852396211946,-0.00027419013026681,-0.00945270156671932,0.00708592945214446
1969-09-01,-0.0012048792287832,0.00485377783084725,0.0226848602996199,-0.0109477082416244,-0.00123605007235546,0.00452831080287298,-0.00723344412876776,0.00352320888851872,0.00881631749112667,-0.000631247247652941
1969-10-01,-0.007554335071199,-0.0201355434717075,0.0205509996834201,0.00580901086365342,-0.0196256604716716,-0.00882332699776458,0.00495090378941568,4.01249891182615e-05,-0.00916372836524948,-0.00885922522799924
1969-11-01,0.00338483135402874,0.00704727928833172,-0.00377476919340458,-0.00367822474280991,0.00282779357446189,0.00140076862185483,-0.00478400513438665,0.00441044976107629,0.00303923846857131,0.00496438551179452
1969-12-01,0.00505855517310656,0.0191207611499743,-0.00971730363991571,-0.0140549821603085,0.00526487187801536,0.00745200278669515,-0.0032678535944579,0.00146431471325356,0.00425270826775577,0.012187533013999
1970-01-01,-0.0180387530880923,0.0414238466194755,0.0101938898056859,-0.0113382741900878,0.00475974398080391,-0.0014740976273829,-0.00472416627073299,-0.000983923552300775,-0.00339395789373932,0.000652149662356634
1970-02-01,0.00121834409157763,0.020281491488296,-0.012156187595251,-0.00290089559311467,-0.012362569278565,-0.00468604020234845,0.000926210065930662,-0.00468969855919108,-0.0021097950460486,-0.0037031154086849
1970-03-01,0.0130972156192699,0.0456341240023706,-0.00352283685017201,-0.0147294485601819,-0.0016638934944746,-0.00496735432345002,-0.00233506201751036,0.0020268289027052,0.00117358603293826,0.00428504570155135
1970-04-01,0.0191575115133691,0.0915753871119536,-0.00601471577352577,-0.0186379989836827,0.00109495688435831,-0.00551641109656015,-0.00469209254414299,-0.00209112188701169,0.00437332740276806,0.0101839135379528
1970-05-01,0.0118316789981242,0.0454785107685617,-0.0197589219351918,0.00440329791321548,0.00164426978600824,-0.0133930725618314,0.00767398687164726,-0.00128951822898836,-0.00875330395634228,0.00139266777708056
1970-06-01,-0.0169370862145506,0.0510585934815697,-0.0271746261787265,-0.0197768636010339,0.00996446724091938,0.00735110545348885,-0.012882618696506,0.00682661066846976,0.00566975922894284,0.00680840869961282
1970-07-01,-0.00145642649538828,0.0111053627203604,0.00205529416353455,0.0172363428754355,-0.0142410898255556,0.00733413923814908,0.000228833883729093,-0.00327246890556774,-0.00180489626808125,0.000938280659190329
1970-08-01,0.0061034619492591,-0.0297257338162073,0.0153162165157055,0.0143335199303972,-0.0119836508921866,-0.00170275263360078,0.00300335369585407,-0.000709288452060713,0.000685846396985698,-0.00950016599823064
1970-09-01,0.00680865441320283,-0.0996458063761382,0.00791841432104061,0.0569304865454387,0.00173909922790004,0.00870651343385045,0.00113022590544666,0.00191495832601466,-0.00823347082437043,-0.0148633331034271
1970-10-01,-0.000155726874795752,0.046057363659254,-0.0234001884431663,-0.0225453749039336,0.000342701163407314,-0.00927075295367946,0.0047061781100406,0.000100869460393219,0.00325369376473168,0.0118230855369362
1970-11-01,0.0111365061034242,0.0222265309495897,-0.0107871429219818,-0.0152846078759108,-0.0106014858708251,-0.00295041214875205,0.00355112610939226,0.000102813099070501,0.00733050948445373,0.00472263774506218
1970-12-01,-0.0158018611482369,-0.00475116754991937,0.00290354415828897,0.00299822734590091,-0.00536218938626418,0.00517640676177636,0.00167036994709804,-0.00689237186938702,0.0038052113943264,0.00714420625506476
1971-01-01,-0.0326967115437873,-0.051018913667635,0.0521652280704693,0.00483889846526304,0.00551622799965488,0.0107713151785327,-0.00317676461278849,0.00910705153929482,-0.00553077879244856,-0.0091563194924798
1971-02-01,-0.0158790087738939,-0.0090472434337722,0.00328470363417468,0.0102453841930774,0.00339390085130474,-0.00820312900517984,-0.00334704308593106,0.00413103341470007,-0.0020781538873852,-0.00444971619024934
1971-03-01,0.00821234827312624,-0.0298329160374928,0.00441700326267077,0.0159772040778992,0.00464946310656837,0.00365643782691239,-0.00111424119850584,-0.00162702560969901,0.00218415418677716,-0.00129525834898183
1971-04-01,0.0218152716336035,-0.0219938096227458,0.0211170487441952,-0.0165228069615431,-0.00304414867104352,0.0057821734465139,-0.00226378482221492,-0.00246777524613596,-0.00267972607600369,-0.000574739687954602
1971-05-01,0.00948380769350098,0.0082784095895622,0.000484859385307198,-0.00218948898696454,-0.00672520365824759,-0.00350441720759322,0.0012887991041238,0.00137704169169414,0.00391440256023892,6.47029752922796e-05
1971-06-01,0.0138690021835332,0.00271905748737394,-0.0152810256112606,0.00713744975723476,-0.0143830123340781,-0.00784572114383021,0.00958380647056225,0.000479695385261583,-0.00124780637285407,0.0054711946395717
1971-07-01,-0.00908302537089047,0.0261530439499491,-0.0175602477942232,-0.0124750662160743,-0.00154380274554902,-0.0123834947049318,-0.00178130081624009,-0.000250518425686659,0.00281268567500436,0.00189453047218921
1971-08-01,0.0265098402750319,-0.0367472092785158,0.00447840373024813,-0.0356909381093379,-0.00526342883045727,0.0111674575132005,-0.00775456562436103,7.81649477762942e-05,0.00010407886384767,0.00215347165436844
1971-09-01,-4.74261996453947e-05,0.00318820708026895,-0.011108468682712,0.00120784350152942,0.000640774031446641,0.00439336195304292,0.00162592073143592,-0.00187626480351826,0.00286250736701898,-0.00275654349306571
1971-10-01,0.00383462615086489,0.0340234403292061,-0.00500017430878659,-0.00448756044840518,-0.00351579993120996,-0.00403350428045824,0.00636752593399591,-0.00269698259206416,0.00234777541590255,0.00333634264566697
1971-11-01,0.021377620845816,0.00923415844821515,-0.00166897175873688,0.000459626149854065,-0.0015183988811686,0.00136535803940013,0.0030533431178495,0.00522930531167214,-0.000473374024262952,0.00362603716608605
1971-12-01,-0.008344208325231,-0.0348855441417343,0.00153505274251273,0.00434091745985959,-0.00391860202672953,0.00333786789900491,0.000207562534764337,-0.000858945408206756,-0.00381866054793764,-0.00271431013841701
1972-01-01,-0.0175562632018808,-0.0285158778572043,0.0251363386135899,0.00753917882827975,0.012163841496895,-0.0110913667086544,-0.00613026620162847,0.0115386651914921,-0.00918454374418271,-0.00495368390351092
1972-02-01,-0.00265610904641033,-0.0282450812284232,-0.00339033352360498,0.00800451655510575,0.0087226829618016,0.00446776868008437,0.000738462297650344,-0.000517874445436975,-0.00446588125247829,-0.000398496520832659
1972-03-01,0.00550304123505907,0.0109953834672177,0.001610322431774,-0.0121208022211878,-0.00493142412405416,-0.00192801310511038,0.0022905619025016,0.00185496935146319,0.00160809016825499,-0.00105972008926107
1972-04-01,0.0089482146440384,-0.011725546300523,0.00296493221654474,-0.00383968909789519,-0.00581122077733384,0.00073100705808123,-0.00120425316265243,-0.00103453120903193,-0.00348534695955175,0.00729008442774582
1972-05-01,0.0148133083426684,0.00877733856343372,-0.00054414564773912,0.00561802105564822,0.00398260027347235,-0.00462952977714482,0.000648584043820475,0.000130933497160846,0.00298021301491941,0.00144087612390016
1972-06-01,0.00095117281525305,0.0168881921222358,-0.00936184577421094,0.00397464804715377,0.00166915928485359,-0.00565929462641474,0.000729364285896706,-0.00237004594353726,-0.00100363413440329,0.00132064259275196
1972-07-01,0.0205208060842434,0.024311198868777,0.0137712993887248,-0.00658945131402701,0.00615982458429958,-0.0130386316685557,-0.000800005609933411,-0.000878253381373281,0.00420158859859734,0.000756326079297574
1972-08-01,0.0045627696392014,0.0180656076036093,0.0065315824911948,-0.0108778566169422,-0.0176354593789842,0.00551968943652769,0.00676889044853113,-0.00136817650947691,-0.00415434834181885,0.00283247966947474
1972-09-01,0.0144448424923809,0.018765123791568,-0.00539646933474936,0.00877121432499828,0.000784936482567049,-0.00610391072358675,0.00490379501187583,-2.34630731303445e-05,0.000191717950942977,0.00242291816441946
1972-10-01,0.0201750361818029,0.0328073441838595,0.00924683121175453,-0.000665633916372052,-0.0103030113884042,-0.0148395534189869,0.0106215488206243,-0.000721462699400973,0.00136385633722118,0.000469188557131924
1972-11-01,-0.0115351178860541,-0.0107848053140381,-0.00568028775241244,-0.0256065890489245,-0.0141176311224791,0.00093468916870726,-0.00468663849651021,-0.00709161879023054,-0.00682129332991359,-0.00131756469477328
1972-12-01,0.0246940827571882,0.00801431081885936,-0.00683338260060573,0.0116615946782027,0.000393408035006433,-0.0103642438592711,-0.00197695102994777,-0.00262885737912007,0.000400856576096643,0.00219962555798285
1973-01-01,0.0102006645417687,0.0478769934947561,0.00832181420453529,0.0146957619732219,0.0258475007983977,-0.00946353446009632,0.00558240228855428,-0.000870981565683588,0.000847906723599817,-0.000981132473202037
1973-02-01,0.0195303891311613,0.038687095914,0.00154147036474212,-0.01146426908251,0.0120519658598806,-0.00154668022677736,0.00482181074621737,-0.00310545639513376,-0.00390579045225853,-0.00335851895541872
1973-03-01,0.01248057002997,0.00660887721021625,0.0133248155141191,0.00663221909682348,-0.00691954842382863,-0.00142627261523984,0.00397687461993337,-0.00676815125353375,-0.00355494155937819,0.00182358854338602
1973-04-01,0.021541014681739,0.0250792523613035,0.0120254781891414,0.00807436347167733,0.0189707231209363,0.00591665390674143,0.00174274251026497,-0.0107269799345964,-0.00134977857480634,0.00436941698435161
1973-05-01,0.0396597829325175,0.0245881399024373,0.00381160558840699,0.00461432629240026,-0.000876891545674794,-0.00110448713187516,0.00945378047537001,-0.0032104444420408,0.00220062619848453,-0.000998253238978105
1973-06-01,0.0139349997103902,0.00982715122817935,0.0189100912549115,0.0067310489033753,0.00663210550017056,-0.0043742900592182,0.00510139599963864,-0.00603950349894287,0.00327270904699094,0.00469367849941149
1973-07-01,-0.0361105842710474,-0.0403432105559463,-0.0336746521346486,0.00640149417517733,-0.0167419815734005,0.0114348883241865,-0.00930052876948952,0.00321266970189742,0.00122713536571465,-0.00123359502595271
1973-08-01,0.0261215370864752,-0.00816970339458358,0.00560461669497638,0.00145914428840488,0.00229975765988211,0.0048786472882262,-0.00379750545850181,0.00523482473754872,0.00112267788119126,0.00375437743442581
1973-09-01,-0.00328811439825298,-0.0517489769778103,-0.0239256191612974,-0.0395282145555822,-0.0306319575963805,0.00830256794756532,-0.0163897518199989,0.00227061467474717,-0.00105745656511722,0.000260380230325582
1973-10-01,0.0273579128946923,0.0142889496774696,0.0218247250592939,-0.000912954446647102,0.0139025759331096,0.00449580068847857,-0.000798298066042541,0.00485352082698402,-0.00148562648546364,0.0029858105401354
1973-11-01,0.0268611529095627,0.0546252920164458,0.0238142598233007,0.0218229310366309,0.0182027018973069,-0.00409909375161172,0.00354265603422912,-0.00491896151575739,-0.00251879930609816,0.0110250303529454
1973-12-01,0.0581861873023664,-0.0181499031943578,0.00717953865429113,-0.0105163056860931,-0.00604479575894842,-0.00620641871778527,-0.00720223847861758,0.00501405515954275,-0.00318174962292494,-0.00502110985112085
1974-01-01,-0.0473282916695548,-0.00382946077693484,0.000218589802141069,-0.00991299146008492,0.0168247997437551,0.0194416711193362,-0.00476993363701813,0.0062435710834897,0.00367619801598967,0.00861919791517827
1974-02-01,0.00703095872564757,-0.0167072475162152,0.0135159410666089,-0.0257868282408889,0.00819102597266911,0.00135866989738963,-0.00635324640217639,0.000466107027251841,0.00285344110347622,-3.0564344666615e-05
1974-03-01,-0.0196409476021367,0.0057295468458343,-0.0144995090765682,0.0279925063647982,0.0150056925244181,-0.00259377118891404,0.00117333558974626,-0.000807453061140561,-0.00399569319476711,0.00207125437275341
1974-04-01,0.0187273284681925,0.00311886321904386,0.00571182429523833,0.0118628407916846,0.00957286441892448,-0.00287136898715141,1.51030545121489e-05,-0.000123411458197796,-0.00696988472553999,0.00146951268372464
1974-05-01,0.0166213894822175,0.0264218503608153,-0.00134633691379693,0.0286494874803871,0.0118632133843902,-0.00181611135893887,0.00428890846939651,-0.000977798765020065,-0.00324359036000114,0.00523227641663053
1974-06-01,0.0146919745469898,0.00156191183504626,0.00210259872854132,-0.00349419720249378,0.0132924970696781,-0.00426363811276697,-0.00957224522172935,0.000907837144925662,-0.00208037424828747,-0.00622547570334659
1974-07-01,0.00496478277860758,0.00332623391631285,0.0215919844773129,-0.0191593842759979,-0.00732909821670846,0.00356615402151043,-0.00847061943631911,0.00236190027716591,0.00665089633214152,0.0035997574929364
1974-08-01,0.0195048171955784,-8.34022101638744e-05,0.0232533865886276,-0.00250027608460413,0.000969694502524807,-0.0118017639246199,-0.000377829365203442,0.00356742355018037,0.00194501986720335,-0.0045009849724913
1974-09-01,-0.0234387945786045,-0.00826280390329407,5.10872176826044e-06,-0.0528968818826605,-0.0200112646490125,-0.010787809470759,-0.011051970165649,0.00746352840869467,0.00242377753925367,0.00103947365584925
1974-10-01,0.044621104089364,-0.00413215141749769,-0.0326428958825823,0.0377443005365392,-0.0259929568868208,-0.0181682372598994,0.00109112447417736,0.00695249457123043,-0.00772412068020014,-0.0114205740871254
1974-11-01,0.0125946677295801,-0.00783239250177026,0.0152576975886772,-0.0257096829609542,-0.0130840383369409,-0.00732408886768565,-0.00165410895413235,0.00806864684568834,0.00209393307337394,0.0020302417163483
1974-12-01,0.0296362051680329,0.0085527726665314,-0.00802395266138248,-0.0238806902430019,0.00228193451017124,-0.00776002788494621,0.00161304611398757,-0.00668616690226439,0.00280815597020839,0.00645688262238915
1975-01-01,-0.109011431192353,-0.0200347777226623,-0.0749371077604051,0.122835740942235,0.00141679594349259,0.00144037653387844,0.0016618030180321,0.0194338841340915,0.0103484523756144,-0.0134138452322076
1975-02-01,-0.00618955095641043,0.035739995650255,-0.0190779551401454,0.0452059234216,0.0142400555020186,-0.00361635020537967,0.004845446989338,0.00526961390234743,-0.0027054772423259,-0.00126641862551559
1975-03-01,-0.0258424256565868,-0.0568287682673546,0.00402879926307768,0.0268824105094976,0.000722768922001995,0.00156436683301146,0.0047797141175297,0.0070651554193273,0.00281684340967435,-0.000830306078346416
1975-04-01,0.031412221211467,-0.0154504038433819,0.00780290161259906,0.0234865319802948,0.00237589883242973,0.0030976896640121,0.0116415135400145,0.000817089919755241,-0.00344003487224506,-0.00231816018955084
1975-05-01,-0.00701552944628909,-0.00114385377579184,-0.0157317815545618,-0.00892839757130704,-0.000748130153467313,0.00232268444806917,-0.00215520007990847,0.00582950180587814,0.0015382363600034,-0.00323483006534078
1975-06-01,-0.00459722079940181,-0.0181101187285852,0.0137785668458537,-0.00526709195051068,-0.00409894603293566,0.00173505461409206,-0.00067223311474176,-0.000584119030264487,0.00153849315516228,-0.000730385619837316
1975-07-01,-0.0128601860321633,-0.00725803287027008,0.0306496376915229,-0.00412359720939952,0.0187270726446406,0.0101269971762318,-0.00420237058101021,0.00108693013812962,0.00529936433697638,0.00339768560167428
1975-08-01,0.0107399755294177,0.0137943002244683,-0.00121633184365571,0.00153732652830632,0.00190468573550237,-0.00640786664117117,0.00440774353995597,-0.000936532508587359,0.00220605671137266,-0.0022900288933092
1975-09-01,0.0196198129488186,-0.00528913346863281,0.0102848759741031,-0.00505477379092227,0.0214575945345636,0.0120748854164246,-0.0081247990232998,-0.00597629397937527,0.00474114288618884,0.000419190020061459
1975-10-01,0.00883324087703236,0.0417397049897049,-0.0555861885100891,0.0160458388112146,-0.00602102065422351,-0.0112146971362189,0.00420533834232333,0.00292203692412023,-0.0100518631797868,0.00149851974461763
1975-11-01,0.00255869293642069,0.00786700016055374,-0.0152317191927063,0.0159001180143511,0.00255147716628075,0.000996919574220294,-0.00451783487873563,-0.00343618925795677,-0.0025054323187473,0.000955949632194149
1975-12-01,-0.000233188247066012,-0.0130280949575358,-0.00833436365444586,-0.00787750689148303,0.00816146953289518,2.09445085253909e-05,0.00336426698317107,0.000664624336955206,0.00648143088236842,-0.00374930176346274
1976-01-01,-0.00412245566616216,-0.0726383461936321,0.00807138437453813,0.0327545119052276,0.00824273200973906,0.000831293374435963,0.000388982766055999,0.00594298928448205,-0.00101342779437615,-0.00425066435712989
1976-02-01,-0.0243308250295634,-0.0754453851853291,0.0454837967436894,0.0209577119349991,0.0197998633701624,0.0146229078799658,0.00387031133397875,0.00614936134240506,0.0109319962568344,0.00289510306391363
1976-03-01,-0.00125895882304483,0.0140429355682951,-0.00862474753096544,0.00321928702365253,0.00675085127814441,0.000284869022043935,-0.00134332533635459,0.000338757342194647,-0.0129139521085701,-0.00148570282992467
1976-04-01,-0.00479201965943297,0.0167301415074352,0.00408399125925553,-0.0178759358955221,0.0050703181167841,-0.00145698856677741,-0.000142078893415487,0.00275475374676735,0.00478944780954473,0.00057865699054353
1976-05-01,-0.00877757037507748,0.0125344642250614,-0.00997484144113647,-0.0185303731189006,-0.00652310351620456,-0.00520728681334586,-3.22054467226101e-05,0.00238503836267478,0.0058866802430885,-0.00144982544917055
1976-06-01,0.0108622773107936,-0.0213219600535389,-0.00794694185608574,-0.00972752643729424,-0.0142590072830581,-0.00866495782328385,-0.00284308046458082,0.00691617553325723,0.00436508566991274,0.000375076510339117
1976-07-01,-0.00503407425593048,0.0184849158524929,0.00638580516949026,-0.017420352173045,0.00600506857155361,0.00776072180524003,-2.94902261878423e-05,2.97848700188658e-05,0.00207452461255925,-0.00359052541242277
1976-08-01,0.00155093182813683,0.0274180047841142,-0.00730250484699094,-0.00754233206969828,0.00159120444240931,1.65217859832122e-05,-0.00347047727572271,-0.00194394515172175,-0.004235618278124,0.0040651392352339
1976-09-01,0.0129147828354679,0.00445906193345854,-0.00745315862152876,-0.00565300691433102,-0.000203757243542864,0.000446942052029691,0.00132184164821615,0.000560558307722355,-0.00200196363520338,0.000300480431585808
1976-10-01,0.00415415585595652,0.0163461330956242,0.00642647753331954,-0.00685685851979609,0.00387918023912832,0.00456614813546512,-4.96147398361806e-05,-0.00490557405172569,0.00291204136850567,0.00118689931371648
1976-11-01,0.0089401272488792,-0.0186460839429499,0.0129426596966363,0.00390586740025143,0.00455286604628973,0.00886642676307205,-0.000772093632802706,-0.00208517203106474,0.0066311535755725,-0.0035346790354339
1976-12-01,-0.0153087158177932,-0.030227158640183,0.0142060105121387,-0.000395388335625272,0.00103785170236034,0.0121814762306774,0.00698827643028393,0.0013361936209932,0.00229101321281859,-0.00291354029535649
1977-01-01,-0.0124004447123915,-0.0155095238888699,0.035263584227987,-0.00969232202277003,0.0196249934970591,0.0159522754786704,-0.00180779231391347,0.00333836280426151,0.00955491643174403,0.00331240599357696
1977-02-01,-0.00804939513078374,0.0123626868101067,0.00797290382257202,0.000164857564217356,0.0118813813437438,-0.00114803916255381,-0.00619837525369011,0.00260566776027156,0.00414708465740406,-0.00148935770620179
1977-03-01,-0.00383464927255523,-0.00502735526791,0.016635803569536,-0.0120013561236085,0.0077249839181439,0.0040214129358001,-0.00177437474678175,-0.000400253709714671,0.00458161732469499,-0.00105458454775644
1977-04-01,0.0136183936316653,0.00209088108225112,0.0111072549790342,-0.00570105488053802,0.00742950768965635,0.0145279587339688,-0.000969811157130677,0.00737018460003196,0.00623027906361041,1.78859336895696e-05
1977-05-01,0.0011876137541227,-0.000869400133232495,0.011907868359007,0.00487598824831074,0.0012902008499272,0.00751082692022442,-0.00211030063125033,0.00337632492319137,0.00191173468083465,-0.000917883966047098
1977-06-01,0.00132336717876122,-0.0293321101227061,-0.00520579412300435,-0.00386712347090085,-0.0059529492620949,-0.00520885279862115,0.000360675520705646,-0.00606607427421869,-0.000699509765077104,-0.00571398572929708
1977-07-01,-0.00702954041560352,-0.00170407859940125,0.0148003591510281,0.00248495562986677,0.00771038009759492,-2.14000527217085e-05,-0.0041988800472188,-0.000271415477989568,0.00125088381206559,-0.00148943621302229
1977-08-01,-0.0049696128239105,-0.000313182197396768,-1.67516542570082e-05,0.0125669160018534,-0.00802752218659653,-0.00440409488647446,-0.00375495581069063,0.00353694187270148,-0.00293280740005128,0.00330285272671164
1977-09-01,0.00488384897657281,0.00244672258354991,0.0115407006084336,0.004658116343107,0.00461986071833852,0.00734334135844971,-0.000908530313948524,0.00388969561517818,0.000392742678869741,0.000680643258775852
1977-10-01,-0.000195988091982736,0.00544737317501264,0.00477058785446996,0.00459824822215238,0.00889665690789423,0.00959821960283279,0.000283167766336347,0.00399620327062095,0.00448088157433075,-0.00316138326346898
1977-11-01,-0.000340565544495408,-0.0300991563694702,0.0161963971231654,0.00501863786012326,-0.0158319044632429,0.00209890326126616,0.00473985226290593,0.00264321652230042,-0.000428940833449261,-0.000466543281115912
1977-12-01,-0.000325979210261129,0.000365586843099838,0.0159477253660729,0.00411379424081764,0.000892998249428306,-0.00372721492860731,-0.00527209641718665,0.00184560092292652,0.000809625866012136,-0.00306335314414585
1978-01-01,-0.022253325735109,-0.000689938131375695,0.022116398441357,-0.00648442054953747,0.00489701784936291,0.00805429312271518,-0.00544067054149387,-0.000268288988052162,0.0013450672574302,-0.00138020533048356
1978-02-01,-3.33418369480263e-05,-0.0138896269738344,0.0269792761477016,0.00977432056384003,0.00648868767004237,0.00929708872050838,-0.00115329919336171,-0.00300056756865932,0.00200295047039095,-0.000993080101219186
1978-03-01,0.000366917036502114,-0.0327423488593215,0.0215691406158897,0.0080484693446604,-0.0103667299874669,0.00463099551951042,0.00537163961414714,0.00253383065675334,-0.000510603770602186,-0.00214792378061551
1978-04-01,0.0143291041760952,-0.0331393620398217,-0.0107242753023171,0.0176925497239485,0.000412786032357773,-0.00738370635029655,-0.00121345832168744,0.00214687288635818,-0.0086669153661378,0.00178120121605755
1978-05-01,-0.00897005619401784,-0.0408689015097104,0.0207961388319663,0.0145763940106227,0.00518510449257257,0.00791170417228255,-0.00667265899515628,0.00364551808147183,-8.67137632142044e-05,-0.00517009312126165
1978-06-01,-0.00411339748800318,0.00491071152886718,0.0157295495479812,0.00453794143181443,0.00458666936945781,-0.00102353052575475,-0.00341840009527903,0.00506682999146969,0.00701643213240338,0.00112517515543761
1978-07-01,0.0128657009383646,-0.0230025963856249,-0.0105189409279918,0.0130563977686311,-0.00578951005950146,-0.00361892077020214,0.00118395458948562,0.00418762107341587,-0.00385142782835648,0.0028665067548515
1978-08-01,-0.00758524770986607,-0.0365123170563884,0.0448925107227731,0.0119050953036295,0.0115574398241776,0.00421364539393494,-0.000822008216006807,-0.00167386445651095,-0.00275206091622141,-0.00405506781667308
1978-09-01,-0.012918389529296,0.030575229119834,0.0029370121335297,-0.00680290180086474,0.00294775880110491,0.00245130055932375,-3.57318845378105e-05,4.11159249963355e-05,-0.00130305882916743,0.00303780914121495
1978-10-01,0.0245840780236285,0.103038591865369,-0.0643812810379016,-0.0221538326450497,0.0132564171327347,-0.0145256371699642,-0.00801978974788801,0.00329010248020895,0.00151567018592394,0.00490756741903068
1978-11-01,0.0451416413320955,-0.0308661571767033,0.0022986885899711,0.0180996551211994,-0.022201726055943,0.000897479920006907,0.00580288603784357,0.00360675454956482,-0.00815014300188987,-0.00753025191908313
1978-12-01,0.0123892508988112,0.00138077755341447,0.0025706824279169,0.00241028991237668,-0.00456022107929403,0.0081274708048164,-0.00352848373043371,0.00639232039695475,0.000242469773215545,0.00367046883645986
1979-01-01,0.00745043088975534,-0.0201885193403515,0.0247377313198782,0.00349506259523957,-0.00480554313840041,0.00361237269109188,0.0024687557125863,0.000843688461319909,-0.00159308440915727,-0.00462748881647193
1979-02-01,-0.0249243568810588,0.0304624516993111,0.01477602238832,-0.00790942525740796,0.00309366945500511,0.00992762963249823,-0.00164107315176529,-0.00396774583824651,0.00839915828528044,0.00155006395308789
1979-03-01,0.0291759212061433,-0.0350955914453851,0.0049320512278209,0.0194746594565942,-0.0055749420947067,0.000372017556752347,0.00746731734648282,0.00426475793552319,-0.00480345191623448,-0.00665769956917908
1979-04-01,-0.00360010431448841,0.00122862853149077,0.0149456562509601,0.00926715064392726,-0.00350062700637755,-0.000733215083653514,0.00233398739899871,0.00229008411596703,-2.65054208004322e-05,0.00203304558727904
1979-05-01,-0.0170809373988917,0.0134975413272587,0.00632990547454122,-0.0138698408974544,-0.00394752100928923,-0.00255279454611353,0.000896693661215663,-0.00214566413781376,0.00568248636467383,0.000197776703910209
1979-06-01,0.00802543938671175,-0.00576426266697587,0.0045596957253387,-0.00410407047817007,0.00441491344651824,0.0047604071434867,0.00200718649096269,-0.00128392471445574,0.00257442814293184,-0.000545483860261544
1979-07-01,0.00799603303867196,-0.00357353974843348,0.00351501778141279,-0.00270823207869162,-0.00069842551485122,0.00398679174736878,0.00055703067110425,0.00478290876146815,0.00357397067221585,0.000935289724570444
1979-08-01,0.0227635313458494,-0.020686203856488,-0.00720471728123216,0.0220820964946846,-0.0010192145640138,-0.000258433470746392,0.00141216676719653,0.00154139451724809,-0.00491425739752438,0.00121594727042361
1979-09-01,-0.000637419776101671,0.0155894312958072,-0.00658837227392038,0.0013253591927315,0.00389002572175717,-0.00220927310196536,0.00304061418789665,-0.00301558896592857,0.00521280234862407,-0.00162731540524682
1979-10-01,0.00085456551841438,0.0397289611671692,-0.023060627716791,-0.0154922336360899,0.00724683211762703,-0.00265066803045748,0.0021749385733792,0.00463858097190483,-0.00409167370785399,0.00314483119351263
1979-11-01,0.0501702852077566,-0.0212282969366912,-0.00609111338430803,0.0358012376152708,-0.0071141477120546,-0.00147697369860707,0.00768495626613407,0.0071225086220655,-0.0051071837574957,-0.00354800378447682
1979-12-01,0.01082750336249,-0.0199493607867644,0.00525777754981142,0.0219824960028105,-0.00461375910950675,-0.00273396556856687,0.00330820908090596,0.0094420251551055,0.0041841131375442,-0.000282405810782191
1980-01-01,0.0110712422062369,-0.0123799015391193,0.000611588184377138,0.0224344725844284,0.0152241834138927,0.000214604649688068,0.00458059894176192,0.00481498862063697,-0.00995102683389697,-0.00440852239182458
1980-02-01,0.00485662698021672,-0.00837214258609281,-0.0202268183108668,0.00112470705550127,0.0254105083063108,0.0105617010782176,-0.00695822135528196,0.00781630049176099,-0.00497847379191488,0.00643512223748967
1980-03-01,-0.0371640803104631,0.0676212221416718,-0.0284313899037448,-0.0310543007747466,-0.0114548578252697,-0.0121498479246961,-0.00234315436626852,-0.00424521363797326,0.00268980383362074,0.00662416508438177
1980-04-01,0.0373561312243358,-0.00092722224888772,0.00572518408646803,0.0315218658723341,-0.00523884291353239,0.00593173355205357,0.0100225245909126,0.00049896443723085,-0.00506382481643343,-0.00814693914322339
1980-05-01,-0.00155402536260015,-0.00909191939321068,0.012850648759684,0.00254956518965782,-0.00652813344369372,0.00860481740134873,-0.00158451041358692,-0.00261812152375827,0.00317621276820879,-0.00100980486509652
1980-06-01,0.0202507779552295,-0.0214186843490183,0.00635669474250986,0.0306029995410868,0.0175325491474525,0.00829962999011751,-0.00386945967480824,-0.000720563093185181,0.00337831351476634,0.00672714705965986
1980-07-01,0.00975294351526818,-0.051366969210014,0.00210470174827288,-0.0241070965626636,-0.0155641293102098,0.00637778277093264,-0.00598415306413978,-0.000857984148526038,0.00123305809256267,-0.00858091981367307
1980-08-01,0.0197564596820814,-0.0450750504881148,0.0142184092164413,0.0322494708591395,-0.00235644452691002,0.00821482196282469,0.00653158873647266,0.00481980837091165,-0.00459479943169271,-0.0053786084332207
1980-09-01,0.0125373816474037,-0.0178519149845423,-0.00157868996602695,0.0288153087507095,0.0168702087400208,-0.00698743292135167,0.00066026023268435,0.00547879679022277,-0.000914288293331023,0.00780996957492193
1980-10-01,0.0212000691165268,-0.0338965323731338,-0.00839660611697171,0.0432565590159533,0.0279389782668479,0.0115965986431563,0.00361115807043653,0.00492346777547621,-0.00194999319813535,0.0063409698376831
1980-11-01,0.0436226893632629,-0.0765581102595588,-0.0464880236789673,0.069180502115201,0.0357483142028183,0.0035687482332119,0.00143740210251626,0.00138577456432914,-0.00840136498341271,0.0116821140934069
1980-12-01,-0.00785280332227653,0.0338543162229403,0.00597374255437827,-0.0317352244578328,-0.0146535950423062,-0.00696448456275286,0.00285582361680893,-0.00386473508393189,0.000131513393372626,-0.00801462198098088
1981-01-01,-0.0420120879286765,0.0408932487298862,0.0319980382125409,-0.00480256327223501,-0.0087009628077356,-0.00188556806819678,0.00164116840746434,0.000372873936603813,0.00109806184075765,-0.00624980358236348
1981-02-01,-0.00978655888645395,0.0222952089540471,0.0031497136740992,-0.0149606921982534,-0.00662672559717747,0.00060504995143121,-0.000281235626640687,0.00125860353078399,-0.00277290748611906,0.00183450671237211
1981-03-01,0.000997740871155138,0.00227105994401152,0.0195231804701037,0.0157260311082744,-0.0183536619606107,0.000457489349395808,0.0113357928086935,-0.00139827856930443,6.90093500341996e-05,0.00191708698113016
1981-04-01,-0.0139253647027809,0.0249375512636736,0.0395644407582011,0.016946991936044,-0.0047413385413496,-0.00170581785857219,0.0108389675153117,-0.00160877198301239,0.0053357644565394,-0.000793089691809115
1981-05-01,0.00972974007367182,-0.00277481818875157,0.00488071192572404,0.0055409749224962,-0.0075955105684204,-0.00136790181358341,0.0168881958373225,0.00341284511600784,-0.00042960084772731,-0.00203346083011637
1981-06-01,-0.0277964977437971,0.0204218001105791,0.0112932754422681,0.0142881404012099,0.00675147054522167,0.00155837476540702,-0.0137572000164607,-0.00186139758714953,0.00366675553049311,-0.00085348698197549
1981-07-01,0.00588479033964492,-0.0312567089654474,-0.0163016400871755,-0.00267596033379244,0.0134497081267,0.000166812702418585,-0.0111754461587876,0.00134256020542107,0.0041519921571306,0.00537175338420377
1981-08-01,-0.00923950352497853,0.0416018950931766,-0.00859736676914929,0.0040323438674608,0.00101065552188966,-0.00858696386711852,-0.00301025395856092,-0.00482037759172247,0.00989388865532811,0.00336444128771619
1981-09-01,0.0044026055218121,0.061128150734605,-0.0138218483006272,-0.0227815525633912,-0.0188365031783769,-0.00932673519998859,0.00391161868168184,0.00549593726717126,-0.00149947425139641,-0.000762265439719596
1981-10-01,0.0409546813695492,-0.0417345926898128,-0.00947126709048988,0.0149968183203838,-0.00642828993232629,-0.000852970297226077,0.00714073116862949,0.00881859526291434,-0.00231700949648417,0.00458306692495219
1981-11-01,-0.00577661321886017,0.0174438249902105,-0.0047838404023819,-0.00242195790612096,-0.0173372386596494,-0.0163359815981648,-0.000430636950155481,-0.0062732102662507,0.00221650384496383,0.000486739922405962
1981-12-01,-0.0110652962052021,0.0111948484700529,0.00735821112406775,0.00310099829804076,0.00482780800879041,0.00745489203964233,-0.00209618132929277,-0.000222702781593245,0.0059825579471723,-0.00240785081082008
1982-01-01,-0.0185621472275993,0.0337628390813435,0.00854399009754468,-0.0113431223231097,-0.00553379355319936,0.00220318722547629,-0.0048883066227633,0.00369312022738782,-0.00234339917887151,-0.00438627603881423
1982-02-01,-0.0277278018209277,0.0437427144998408,0.0235282750490464,0.0140631259788584,-0.007285860383989,0.00372235583279165,-0.000147462210381031,0.000815621597661376,0.00950369357287338,0.00298818676424028
1982-03-01,-0.0124720734159213,0.0365693918483635,0.0182569409069466,-0.00195025221377336,-0.0107145838503093,-0.00456530881223005,-0.00157197606030087,-0.00342818342423778,0.000470681839561892,-0.00475139202565274
1982-04-01,0.0112990052251666,-0.0289240236689184,0.00872762683550336,0.0101217117893376,0.00251862039009554,-0.000780270477297058,0.00109719715602031,0.00118612374403659,0.0007987988637771,-0.000348281770098739
1982-05-01,-0.00264954798291667,0.0127051859624147,-0.00737188403746225,0.0133082562643135,0.00802370157862952,-0.00577066067262797,-0.00678101181303509,0.000568977882399226,-0.000721832561476921,-0.00452101821433177
1982-06-01,0.00249317210815271,0.0346269971090471,0.0155849098529661,-0.00496275890781702,-0.00565688470527384,-0.0140628047103761,0.00209954093976376,-0.00338156020549179,0.00478351230324265,-0.00445424158308996
1982-07-01,0.0028917034027816,0.0247729783207746,0.0344811318534204,0.00642223022862238,-0.00336391341412007,-0.0045979609158686,0.000810300884282259,-0.00361736238130327,0.00276901450721196,-0.00302358907854179
1982-08-01,0.0198646259751274,0.00376256436511871,-0.0126310286920853,-0.0397795020589863,-0.0162309199370991,-0.00373815430277283,0.0072926027042982,-0.0116940538133198,-0.0122343681385249,-0.0030339833025167
1982-09-01,0.0058558763506313,0.00766657821118417,0.0176492360687173,0.037248589692946,-0.000258672900423338,-0.00786193198274008,-0.00321953738211518,-0.00323136381080932,0.00414142826194846,-0.00562888092421428
1982-10-01,0.0136988398545348,-0.0488028096977848,0.0196379422947316,-0.00804159089872678,0.0133633136136657,0.0124016604165726,0.00196870620175812,-0.0100793659617482,0.00484712161723965,-0.00306125109917299
1982-11-01,0.0203892725501106,-0.0185844600122741,0.0554152343696635,0.0110246694280661,-0.0018113415334109,-0.00447334496100829,-0.00640397491342861,-0.0034520801574586,-0.000159019575153852,-0.00639731871558966
1982-12-01,-0.0039153196631022,0.0141601697362854,-0.00690283922452205,0.0109312897746155,0.00862723256467091,-0.00859457711844895,-6.70365665493941e-05,0.00409397625475457,-0.000867377876675002,-0.000810214178937848
1983-01-01,-0.0322936541485365,-0.0286691260968221,-0.00515797167253613,0.00667224729059748,0.0253542185162152,0.00814619253689624,-0.000359679077460403,0.0118361158014199,-0.0092114603481967,-0.00373283312971289
1983-02-01,0.0164727684569657,-0.00885854299277972,0.0281015800802195,0.00768851342474951,-0.00264148726737865,-0.00708513961326177,-0.00283772652498187,-0.00207322620205357,0.00848315479769064,-0.00122459657177787
1983-03-01,-0.00136255082084997,0.0113398365791297,0.0122274574093327,0.00254037271817719,-0.00382769981170577,-0.00680136674715859,0.00174394363328978,0.000715094379993808,-0.000564169726542037,0.00340172184557036
1983-04-01,0.0092270240878356,0.00143481790715015,0.0137049736089084,-0.000130922786173838,0.00746836293009476,0.00295508184029958,-0.00047437287886075,-0.00108501618569935,-0.00286660698962591,0.00112029184534273
1983-05-01,-0.0385255316148001,-0.0523222089713741,0.0131318432997093,0.0496237383650201,-0.0134180290405403,-0.012637923971007,0.00566268289024312,0.00963875253820149,0.00317862188194278,-0.00402107362452389
1983-06-01,0.00753704560297674,-0.0128156958375346,0.0028643008048247,0.0109449514851421,0.00386222942189274,-0.00435088981937609,0.00162998307611089,0.00609238642090723,-0.000314900865132439,0.00124978727463849
1983-07-01,-0.00635419526146818,0.0333528280585544,-0.00263231833167022,0.00590514125547796,0.00505757136762667,-0.00623082240996572,0.00396404682872222,0.00110400641534577,0.00165553580319747,-0.0041013470957825
1983-08-01,0.00933181226961488,0.0171247777813747,-0.0379199282448427,-0.0180163861057272,0.001029583736722,-0.00261046781962641,-0.00588645106738048,0.000514385673974652,-0.00561553654265522,0.00291454445990212
1983-09-01,0.0216255900604462,0.0303336096695975,0.0164678047446341,-0.0076290387974256,-0.0132212353571529,-0.0065709314153918,0.00561927690735989,-0.00273796618252709,0.00265885211855213,-0.00133518737927137
1983-10-01,0.00992197471279402,0.0564800690003015,-0.00908972785445798,-0.0171822886573524,0.00110136558638063,-0.00508515030530346,0.00169272425971361,0.0049262187308636,0.000100008229649686,0.00138497397428181
1983-11-01,0.0122852619016695,-0.011059898669988,0.013532423952764,-0.00558768106534062,-0.0221269944135346,0.00801820578934597,-0.00170514008664569,0.000295262035974398,-0.000508902062016271,0.00570186035770137
1983-12-01,-0.000832762893384368,0.0109974364868761,-0.00628759584400775,0.00532804592531053,-0.00612490821337584,-0.0100123418247946,-0.00158683977574127,0.000186078692379532,0.00338146090896612,-0.000661739001707855
1984-01-01,-0.0115150673834398,0.0157685313635663,-0.00378521306106667,0.0153054753498524,0.0133106863485942,-0.00555218864410135,-0.000698533655590729,-0.000557913299540995,0.00141333605544932,-0.00463031042036793
1984-02-01,0.00123578565616697,0.0088309754292906,-0.0123717337801591,0.01061079600795,-0.00240777947500507,-0.00915633432847731,-0.00652666642813921,-0.00111660927859652,-0.00300023672027538,0.0013207722520413
1984-03-01,0.00746464090936106,0.00609852108009327,-0.00737798992158084,0.0011718629555216,-0.000661576822660091,0.000243196804780293,-0.00290545116429254,0.00245276848075474,0.00149600182422537,0.00471418196342293
1984-04-01,0.0162191331971346,0.0174098015538195,0.000747563764815508,-0.00334798995753333,-0.000479659404950824,-0.00565093765401899,-0.00367482344388037,-0.00102077278557235,0.00205157884927704,-0.00128575010374044
1984-05-01,-0.00716228078794009,0.0243575050476536,0.00346684181598723,0.00643580480920536,-0.00717494548658604,-0.0082242821143813,-0.00160459281757526,-0.000632961405730843,0.00554110642849583,-0.000262920093964189
1984-06-01,0.0130411298631097,0.00109557677307877,0.0104710442436295,-0.00423878117350161,-0.0196756123745417,-0.00801789885165869,0.00434576202408654,0.00187148540835336,0.00404002952757372,-0.00256249221101424
1984-07-01,0.0347953025688046,0.0301969182702431,0.0216417648223018,-0.0182444869710248,0.00714512448600631,0.00460572127226249,-0.00153310659457963,-0.000537290636854581,0.00680768064416941,-0.000809465816306291
1984-08-01,-0.00309538004406538,-0.0420174177820848,-0.0190563564508901,-0.00691750495209448,-0.0097026636708919,-0.000278097345905797,0.000626603930068833,-0.0101680952108135,-0.00746059635461981,0.00142887797920596
1984-09-01,0.00456249637995029,0.0203768617042247,0.00670380039097716,0.0105471045294784,-0.0025825687188748,-0.00177547070318229,0.00272115117225451,-0.00309893206010855,0.00482213034162014,0.00181580325135691
1984-10-01,0.0285483426786719,0.0329584424275947,0.024670577533525,-0.0157387386265093,-0.0109083860036532,-0.00847618786533781,0.00278129123323968,-0.00453150395985396,0.00220103915521719,-0.000635225192351023
1984-11-01,0.0137060972378802,0.0264821743835253,0.00403206357106899,-0.00144036746572029,-0.0100150532883092,-0.000962044338323547,-0.00286746670942384,-0.00628480195850291,0.00385197891168157,0.00231308637595376
1984-12-01,0.018478899876666,0.0100715587101769,0.0056593401954184,-0.0146659851324439,-0.00819084801756696,-0.00216036290029424,0.00415119915098318,-0.00410206244345543,-0.00227966792959285,-0.000299819840587385
1985-01-01,-0.0331257577429943,-0.0557807282435594,-0.0140139389928813,-0.000622071785168636,-0.00186011574358279,-0.00838672403118515,0.00129310363983895,-0.0050844430853675,-0.00146768681880172,-0.000186866246646876
1985-02-01,-0.0190826188374161,0.000586468353927946,-0.00120396387623719,0.019922867160827,0.0105318667334778,-0.00280336746986022,0.00407254890201101,0.00848989226784001,0.00322540944757033,-0.00350568066432478
1985-03-01,0.0239609341693221,0.0144969296182204,-0.000272116105441205,0.0119222208681449,0.000677385569788397,-0.0111124824113136,0.000481771877776732,0.00259152509970215,0.00145801229060357,0.00680053593684496
1985-04-01,0.0227814846503836,0.0154998954614164,-0.00121627320758822,0.00610899398371286,0.00525979838822453,0.00445171947690252,-0.00545634262041034,-0.00107645554729635,0.000292991825035284,0.00504944903318128
1985-05-01,0.0265455678326514,0.00347359432045583,0.0105021458926031,-0.0153213416526993,-0.00520085677452502,-0.0075820135416678,0.000838486893083099,-0.00535168764521852,0.00101771397332513,-0.00281788693023777
1985-06-01,0.0189738459019136,0.00681502674321672,0.011948681293755,-0.00752880688376384,-0.0104981067252117,0.00180480918690023,-0.00276281425639686,5.29853324623135e-05,0.00340365476814763,0.00567061528932778
1985-07-01,-0.0117428586598883,-0.00630976101741468,-0.00722559087073377,-0.00349862374586445,-0.0130576504935158,-0.00570556259815584,-0.0018475906994194,0.00180297966061134,0.000923551077330674,0.00300830820002545
1985-08-01,0.0118147386870037,0.0196904687589165,-0.00249440084080293,0.00688882637802188,0.00474441230302872,0.000860029317916523,0.00335772128183648,-0.00280085081837185,0.00196724237043624,0.000798607860962493
1985-09-01,0.025680836773387,0.0300829348147544,0.00286502731881025,0.00361042266116412,0.00744215491143789,0.00219145869249102,-0.00232472685109309,6.24219270901964e-05,0.00389637383324689,0.00299516011488032
1985-10-01,0.0288879281055675,0.00746143333744796,0.00364443867493192,0.00393201496454948,-0.00119506992113794,0.0117317671246036,-0.000587323719986544,-0.00118495009047107,-0.00196982521930746,0.00158906707573592
1985-11-01,0.0142646876199833,-0.00976587541984715,-0.000906567552005832,-0.00193076424574505,-0.00476148673820249,-0.00613278288198806,-0.00421555262820958,-0.00383823721317398,-0.00195678014882153,-0.00488455017615555
1985-12-01,0.017372620932855,0.0038508213124247,0.000200066542938127,-0.015119144926434,-0.00601554223978687,0.00380006911736048,-0.00320127575559179,0.00240481537358856,-0.00143874161091294,-0.00306065475958821
1986-01-01,0.0109934011767665,-0.00640618098879166,0.0145038181507563,-0.00541493118971186,0.0105612741064609,0.00252020533290826,0.006809273100885,0.0045320954086343,0.00300559523727606,-0.00235837900868461
1986-02-01,0.0333721016923497,-0.00817852230021557,0.0103917693483108,0.00231482836522049,-0.00203687098988364,-0.00652662664331102,0.00268025797372084,-0.00428543660808954,-0.00303315717849315,-0.00417304564335525
1986-03-01,0.0211078392939347,0.0147627843932341,0.0170323668524087,-0.00138824169299389,0.0095637036187896,0.0044276573968812,0.00704434149497574,0.00121100312368657,0.00386234528090747,-0.00247145600384877
1986-04-01,-0.0186877931286679,-0.0114017573468189,-0.006241226756947,0.0169907189280358,-0.0111181089621665,-0.00628115103187391,-0.00447373579881684,-0.000641660811125123,0.000367456034340022,-0.00118665049241938
1986-05-01,0.0197907093823911,0.00512393905077635,0.00214667310822368,0.00975984692927671,0.0106447832917314,0.00278085993008816,-0.00138199186983508,-0.00286581729668708,0.00114083151770296,0.00575760896223605
1986-06-01,0.0232462934119648,0.0335887484224014,0.0167637863557828,0.0122819664661052,0.0101531819406819,0.00119566518064501,0.00680111563323291,0.00606680210157881,0.00764130632892229,0.00222246453783302
1986-07-01,0.0317746537502062,0.0454446960405978,0.0122601688266318,0.00112310890354552,0.0140681522644152,0.00578261736547456,0.00673403542663853,0.003314965169106,0.00564308643069081,-0.000216691838734361
1986-08-01,0.0139999689126104,0.00209384491151808,-0.0122567600766581,-0.0189272393004299,-0.0131206704456528,-0.00344247064229194,0.00056772768557617,-0.00528759379374558,-0.00406009841040769,0.00460304125199203
1986-09-01,-0.0330077672711019,0.0105652488881261,-0.00801269942444973,0.000596183514668738,-0.0099215626863723,-0.00912112372091205,-0.00448779229160051,-0.000224894420832424,0.00846274632476173,0.0066630890125035
1986-10-01,0.038304599441384,0.00237160691575695,-0.000967119882977015,0.00662489338535734,0.00104108967549875,-0.00154257382789006,0.00213648604446791,-0.00104241323520383,-0.00293825087723914,-0.00318155855661621
1986-11-01,0.0210566996782953,-0.00547421177805596,-0.0147921070209155,-0.00585874007827845,0.00488920565845113,-0.00861140177529607,2.82835389579071e-05,0.000435753126639938,-0.00102088464281057,-0.00430098312763304
1986-12-01,0.00757920020315809,0.00726748939368994,-0.00422137612487813,0.00710939208330779,0.00113933801584076,-0.00386024766107256,0.00460597063062268,-0.00449113985243137,-0.00151362738683532,0.00163322124301872
1987-01-01,0.0232797683383951,-0.0325086238742139,-0.0148276162500684,-0.0165666698479072,0.00957568609605956,-0.00336770089070255,0.00237730106538398,0.00195620143597782,-0.00507471949289436,-0.000357636948451149
1987-02-01,-0.000894748643420043,-0.0420679765838171,0.0187295446646861,0.0292555430785608,-0.00830790720338764,-0.00103667513450351,-0.004092928839233,-0.000449348896420445,-0.000571063044015838,0.00580397639540084
1987-03-01,-0.0204251022768812,-0.0115542653870563,-0.0146334392670902,-0.0222026319952978,0.00104512517065105,0.0054059879444215,-0.00409660864782722,0.00347023396492587,0.00381273463440845,0.00559329682992865
1987-04-01,0.000549739227410688,-0.00798769257336475,-0.0127519144355124,-0.0288954316954968,0.00522879133546494,-0.00842238305154534,0.000556544939464276,0.00493877359360333,0.00710164527054269,0.00111188132771505
1987-05-01,-0.00344131004228622,0.000701069515334584,-0.0145905315797928,0.00187304828475405,0.00283157278093213,-0.00766578713340345,0.00868868591314406,-0.00265355906499585,-0.00333283529273798,0.000300308472732527
1987-06-01,0.0238215095546915,0.0166242776943336,0.00257791008810891,0.00994523161645616,0.00332542560619886,0.000106243473396947,0.00701815062171748,-0.000433312379198229,-0.00195535498598076,0.000202712802053051
1987-07-01,-0.0105873173418319,-0.0169971581794599,-0.0135302934669849,0.00666974146912062,-0.00888650007276949,0.00530601420302721,0.00301295043000711,-0.000117222688457489,0.008067407524083,0.014608775336534
1987-08-01,0.0241976219586677,-0.00352885486783556,0.0164229160004194,-0.00902114670127529,-0.00556273056248824,-0.00267215662192221,-0.000209495444016249,-0.00532799038430545,0.00407062755363241,-0.00557341258560504
1987-09-01,-0.0147861647309729,-0.00136079220766403,-0.00490092085698602,0.00316399161574486,-0.00595322543716109,-0.00557928053384774,-0.00118678590706978,-0.000326695309395973,0.00383993794477927,0.00783620652150386
1987-10-01,0.0557705999029667,0.117988859677203,0.00293844226654328,-0.000630447395644747,0.0282435441975937,0.00800069418119931,0.0149481390918613,0.000272302906244778,-0.00238010130232863,-0.00640434234522667
1987-11-01,-0.0354385598858928,0.025094840634961,0.00419841002563982,0.0321607794584674,-0.00794121339960026,0.0107373562243943,-0.000989865995967827,0.00380379841751365,0.010147391129975,0.00058523941547867
1987-12-01,0.0561365473339966,-0.0235326233679317,-0.0149140754023744,0.00220401339391566,-0.00602846137402801,0.00215711638748249,-0.00491420712537126,-0.00536816151287284,-0.000917793174387969,0.0133094688617772
1988-01-01,-0.00153965950109628,0.0583178779025161,0.0264960159332722,0.000729787884199854,0.00697299134033316,0.00861789981843127,0.00298661628395499,0.0117968261863558,-0.00258515613136902,-0.00868350957436494
1988-02-01,0.00642979579854546,-0.0490654735056462,-0.0088463103581908,0.0370505674598222,-0.0134363106702065,-0.0103759448243893,-0.00523246216682067,-0.00503225983068804,-0.00363225026893591,0.00670868776404419
1988-03-01,-0.0329862858358379,-0.011221203101187,-0.0139904036236794,0.0341692707948076,-0.0104418157193225,0.00432554144646975,-0.00413047680490512,-3.03288945975654e-05,-0.00131305277346173,0.00498275225500733
1988-04-01,-0.00173572031840899,-0.00882635714161543,-0.0075520610388401,0.000357479824966389,0.00402505023120522,0.00175682856308714,-0.00172063398774221,0.000567852944680024,0.000648272497055903,0.000741073226409587
1988-05-01,0.00771287521902522,0.0274929632177768,0.00669657636589382,-0.0131531111820965,-0.00455298224551098,0.00337987429434818,0.00755726312455735,0.00691857471455338,0.00114579190657573,-0.00706689133697696
1988-06-01,0.0230661006737565,-0.0323991425032792,0.000211298099452478,0.014292466093321,-0.00426889965471426,0.00148191479105734,0.00152208450213567,-0.00439287275394513,-0.000590500771793592,0.00384826674497218
1988-07-01,-0.0136104439953777,0.0173960200281229,0.000589253641571535,-0.000264285589734887,0.00446820030891206,-0.000248740756978247,0.00241234893516667,0.00223817921658206,-4.75285847531286e-05,-0.00413233816792147
1988-08-01,-0.00773432668746226,0.0251556979325426,0.00328373117828836,-0.00114904463935168,-0.00641794579459568,-0.00219775521390519,0.00188921527086332,-6.76869895545423e-05,-0.000527636552074327,-0.00348869581343199
1988-09-01,0.0202089459893713,0.0125495835475088,0.00271128773620949,0.00143784866605892,0.00163229625111186,-0.000224177775634164,0.0065735293403835,0.00134884590773232,-0.00263837538649121,-0.00174745320942226
1988-10-01,0.0229454491576495,0.0188630104611478,-0.0101605349969638,-0.0059935202989803,0.00429836307100654,-0.000580637945154649,0.00246638889727054,-0.000627052690306851,0.000373139917617383,-0.0026582603403228
1988-11-01,0.0176568785332718,0.00779153608188483,-0.00810980948004929,-0.00342266281864365,-0.00306526428853307,0.0016780068663275,0.00181341647932168,-0.000974472073802981,0.0019907829785547,-0.00391848824553253
1988-12-01,-0.00591093420583631,-0.0289991947911885,-0.0134210329427744,-0.00271630315286696,-0.00860566994490166,-0.00645603268982824,-0.00268116546229451,-0.00950962352590068,-0.00146378398516415,-0.00256109726213501
1989-01-01,0.0143505413619462,-0.0105077426305574,-0.00195266120055723,0.00210441483259905,0.0124585658795058,0.00257284394201084,0.00159721889621341,0.00765589367633248,0.000820036046323926,0.0049605561156551
1989-02-01,-0.0222713207828578,0.00891434684490827,0.00178693020496018,0.0177852215338282,-0.0174354472043772,-0.0118855567981986,-0.00127603049463544,-0.00167890825675376,0.00127980219631407,-0.00256000122774326
1989-03-01,0.00409973889076672,0.0181654658672264,-0.0136677510093665,0.00572355453622787,-0.00493047945231517,-0.0054850597644747,0.00347923446981911,0.000683875359229159,-0.000342706351264498,-0.00809847895705452
1989-04-01,0.0166801957272066,-0.00260333815778408,-0.0127777539252978,0.00618825362102872,-0.0037564366099835,0.000407058320344062,0.00266952768385414,-4.8360032293601e-05,-0.00843934953715615,0.000302343029915661
1989-05-01,0.0145342986718178,-0.00120765402717445,0.00123843470432577,-0.0107329399187729,-0.0102419517370522,0.0048787497744006,0.00354095735018224,-0.000307973611679045,-0.00511994943234163,0.00169652479628748
1989-06-01,0.00820904045506584,0.0284274017287624,-0.0055233008663707,0.00320819574881819,0.0054136050744584,0.00844010959110653,-0.000367782043716975,0.00491654835360458,0.000640276339153725,-0.00166562414829065
1989-07-01,0.0538975561528607,0.00417068486367523,-0.00915089093365798,-0.00522760384209464,0.0116538860050253,0.0085925935280868,0.00471901152335599,0.00335049492501356,-0.00604581745587491,-0.00241173336019122
1989-08-01,0.00534759614401228,-0.0242554295728309,-0.000106210944095633,0.0106302966314576,-0.00940692458679458,-0.00686717578144003,-0.0052753640994108,-0.00779096577648862,0.00107761417893901,0.00401280297761598
1989-09-01,0.00484892527929682,0.0170065185897769,0.0052052483297883,-0.0106980989951308,0.000247432664022748,0.00287138607589168,0.0038652721373419,0.00254457957310715,-0.00160727494757254,0.00118941524148123
1989-10-01,0.0177793423277822,0.0274082009553225,-0.0128017579027261,-0.0225085418023541,0.000930801113566167,-0.00373166900879742,0.00244104390042765,0.0087378352386834,-0.00931805712171773,-0.00406951650470122
1989-11-01,0.0233912554675744,-0.000639647542409167,-0.0184235471635322,0.000188437717792528,0.00168884474618894,0.00113571333293497,-0.00154664508287943,0.00131827406839496,-0.0044928645145757,-0.00592345260667402
1989-12-01,0.00909244991200459,-0.00150894958806616,-0.0115014716066645,-0.0102923722316243,-0.00518716690033233,0.00355696358706605,0.00608434992699271,-0.00493001183932446,-0.00529693035125063,-0.00563240709857508
1990-01-01,-0.0173591665437528,0.00474473638615827,-0.00607194856599772,0.0070588132278258,0.019238857307098,-0.015895891096078,0.00179731359315763,0.00909542651333724,0.00565812878214486,0.000209089642340659
1990-02-01,0.00428644433808417,-0.0147058825036973,0.00404743419691215,0.00818732806498628,-0.00620653038376847,0.000839334019320641,0.00103773258192949,-0.00602077483595795,-0.005047885024837,0.00844877473190493
1990-03-01,0.00794285505821823,-0.0167428965555511,-0.00133402884762817,-0.00274439993477092,-0.00973571862171769,0.00512201645514257,-0.000505614432136905,0.00377313764304326,-0.00131640439179421,0.000853826642118961
1990-04-01,0.00959061996350674,0.00341125304017095,0.00586526368672728,-0.00451741814726446,0.0105665258897444,-0.00981339465106934,0.000386507472795341,0.00781260478434229,0.00196068910442853,-0.00437714943603647
1990-05-01,0.0320260606820622,-0.0177728459676067,-0.00597912133842391,-0.0141731915610585,-0.00876594167578964,0.0127897487070719,0.000335022731548698,-0.00708570040996553,-0.0136801120259404,-0.00162775003679668
1990-06-01,0.00962350483090597,0.00734133269396945,0.00744259177841737,-0.00115889525507029,0.00113484198624788,0.00336146708252034,-0.00081419249549868,0.000520272194665567,-0.00596409815481901,-0.00652690521236535
1990-07-01,0.022680481274375,0.00814006851246777,-0.00155265851841206,0.00215256784081369,0.00189579760165375,-0.0170833064721055,0.00887884120214861,0.00508316731904028,-0.00485624297304823,-0.00331175607835446
1990-08-01,0.0201168724814265,0.0230385381131309,-0.00335168443474944,-0.00813108544025512,0.00889019571047676,-0.00721060056004127,0.00321125253672111,0.00330779838810277,0.00744433829799208,-0.00188788846618477
1990-09-01,0.00763467418653273,0.0427467314815956,0.0104072570880585,-0.00928644447979535,0.00972552240477092,0.00302374755741673,0.00571737724128098,0.00348403701046766,0.00180858701717432,-0.0109430252015442
1990-10-01,0.0501973953766864,0.0353325765660511,0.0116995776766698,-0.0407787220556437,0.0255644184209169,0.0123460604562833,-0.00114580524753828,0.00381095260485503,-0.00355207109720125,-0.00308954869222203
1990-11-01,0.0185013678401244,-0.00923402708522741,-0.0129658514142461,-0.0248009485736353,-0.0287907315693124,0.00122012152915445,0.00954861909795033,-0.00689159881823633,-0.00993133931543592,0.00401503103902162
1990-12-01,0.0307288876444979,-0.0169259556186941,-0.0236200404482379,0.00938643177377591,-0.0305409302053802,-0.00410964887275712,-0.00180470731448074,-0.0084800929267932,-0.0044022279884419,-0.00171673966570964
1991-01-01,-0.00136040141028521,-0.00823371412719319,0.000512290807165624,-0.00969791764576252,-0.00289364423667401,0.0118030375656199,0.00201547203581906,0.00825214635674312,-0.00328897619569244,0.0122492648348786
1991-02-01,-0.0345811740884001,-0.00127860168431552,-0.00559747581503816,0.0034195533410439,0.0126269347666696,0.00468502482922962,0.00531154080715205,0.0088989581471467,0.00132737645678537,0.005558178973814
1991-03-01,-0.00337885644548904,0.0255623304264896,0.0114529123601417,0.00244796180778317,0.0128099194915247,0.0113478050320878,0.00517492838577891,0.011560062542178,-0.00548390817377705,-0.00489897818493515
1991-04-01,-0.0150862348029077,0.000598173910335623,0.00123298114453119,0.00279581041773124,0.000510068036936389,-0.00704623653594682,-0.00419206931066624,0.00108375847544679,-0.0013257703751407,0.00339174545449695
1991-05-01,0.0194406275374594,-0.0171130203663507,0.00954717138795315,0.008336231222845,-0.00719554132300592,-0.00800215412359883,-0.000686125829395415,-0.000461322302558678,-0.00509044791847302,0.00160334883662387
1991-06-01,-0.0054005530787927,0.0185318567561155,-0.0256162661774939,0.0171800829413487,0.0106105703412031,0.00486710686414955,-0.00730353861458443,0.00408362317318921,0.00246120345464665,-0.00491494043138818
1991-07-01,0.0196217124841151,-0.00352530663607828,0.00399983077886841,-0.0113868674203828,0.00544858676717871,0.00379755600079397,0.0010260242967568,-0.00136308309385041,-0.00115475786101955,-0.00135564215512926
1991-08-01,-0.00159677552820965,0.00183521858256023,0.00785834172822369,-0.0102028403556394,-0.00615911094628329,0.00746336315407756,-0.000907283667211175,-0.00326120723892179,-0.0063756355177063,-0.00125507511316587
1991-09-01,-0.00319884755401054,0.0149240607339846,0.0100308521553778,0.00502353699056693,-0.00310067240444662,-0.00109301548411747,0.000447661063154265,-0.000507703302129908,-0.00283442900770795,0.00195845874041498
1991-10-01,0.00634125770834771,-0.00310337293727648,0.00827703318801846,-0.000894218241175937,0.0089341927778507,0.00200384970891265,0.00566418012928843,-0.00418750409469504,-0.00102777169533193,-0.00311510986935311
1991-11-01,-0.0039352874742623,0.0200365614850312,0.00386704074635781,-0.00378576942654037,0.00829252653639728,0.00607271690780671,-0.00820356291870602,0.00812161396597354,0.00356687959019882,-0.00405308410956301
1991-12-01,0.0747054799364565,-0.0306070398460304,0.0163020885951973,-0.0297465637084042,-0.0168031405178002,0.00320618338721562,0.00338558645572423,-0.0140237964534039,-0.00260098623834286,-0.00332345061408752
1992-01-01,-0.0902862456290917,0.0299800426769336,0.0222530542927612,0.00999471670288887,0.015063361603669,0.013456905558522,0.000955592663361022,0.0238171045985709,0.00874639683221729,0.0169784503041108
1992-02-01,-0.0307300948668487,0.00458454032625748,0.00268386445198927,0.00568383988382593,0.00682132897138744,0.000345077196564968,0.00354775297638128,0.00619835425932006,-0.00225442523401135,0.00310615093987367
1992-03-01,-0.0199542706265052,0.0124531385844819,-0.00671968184597331,0.00224179060960422,0.0156171881321799,-0.0159732997820365,-0.00308461887455274,0.00655931689607862,0.0088812700045369,-0.00255174286981968
1992-04-01,0.00335853545895691,-0.00493028382608188,-0.0403600460168079,-0.00304389032315961,0.0099075235640621,-0.0208173019078215,0.00149121929864269,-0.00413252247176783,0.004082682010609,-0.00041388590862368
1992-05-01,0.000866885872653158,0.00124834205897986,-0.00888967223540782,0.00231912760876754,0.00813083898475035,-0.00198253286598247,0.00271512702494083,-0.00217527469113099,-0.00275664415760855,0.00540434489317129
1992-06-01,0.0061897596059145,0.0210802628930687,-0.0216931250960346,-0.00431767629800901,0.00366436122204474,-0.00815977007404248,0.00813517990638209,0.00248513530351803,0.00138786086044384,-0.00170329680774375
1992-07-01,0.0110699096555366,-0.0125036183240571,0.00267732965443685,-0.0106387346679503,-0.00554043945977389,0.00443957572380014,-0.00355014558535462,7.38109586052734e-06,0.00138061336884872,0.000684474318499226
1992-08-01,0.0039764883784348,-0.00726493740269636,-0.0152649842135319,0.00144405064845498,0.00335381387143842,-0.0140743572438763,-0.000404402927600981,0.00152185848758875,0.0019084768815384,-0.004880273521954
1992-09-01,0.00821959941124017,-0.0073781139571118,0.00351193385544696,-0.00183761794296645,-0.00405446756746967,0.00212597591552927,0.00318585474408642,-0.00136179801738788,0.00438179697846515,0.00295109839392505
1992-10-01,0.0106366419814307,4.95706757674031e-06,0.0200867069721075,-0.00989824792935179,-0.00928165838395825,0.0125698841679646,0.00429939923962119,0.000710240786103311,0.000947839022043783,-0.00180972286598542
1992-11-01,0.00741894750609263,-0.00320175047274155,0.0303902028809028,0.00414412671260225,0.0063892213460353,0.0157932564432133,0.000799045443110241,-0.00985406298261751,-0.00543055022075078,-0.00546963688837999
1992-12-01,-0.00335703667773538,0.0297779597102968,-0.00552699241078389,0.0194384081219631,0.00791455790950752,0.00491680306443203,0.00503485781201898,-0.00602847374946339,-0.00234859467414276,-0.000783621756917377
1993-01-01,-0.0322317969226457,0.0222612407911774,-0.00111073234310311,0.022380753620963,0.00778217528455579,-0.00631050059577757,0.0107961198285372,0.011618367240609,0.00233028070948647,0.00384323966385341
1993-02-01,-0.0143008281402999,0.0276647020187589,-0.0530065499187272,0.0208742465899486,-0.000305382342234176,-0.0203410471894045,0.00469272615132619,0.00254292640191836,-0.00275337673620653,0.00307511566275446
1993-03-01,0.00377552152968818,0.00769831916961137,-0.00914421525303947,0.00970179247298373,0.000273799691821235,0.00351323019791989,0.00138973039054095,0.00115225064448364,-0.00311380653253355,0.00161488915774448
1993-04-01,-0.0162430774914284,0.00385024258423607,-0.023347940327894,0.0202195949227977,0.00631209704757693,-0.00666717380388426,0.00221933504871105,0.00256462823281794,0.00485612511288478,0.00955800835140284
1993-05-01,0.0121510580092403,-0.015486324788537,0.0142178120089179,-0.00112662734347477,-0.00530469164706213,0.00435704805814382,0.00410392239515398,-0.00288040071879337,-0.00459153956558101,0.00020357869258698
1993-06-01,0.00351302602909909,0.00500681678361066,-0.00106699744168784,0.0133649657571975,0.00388269259126062,-0.00141456742701948,0.00725612115909898,-0.000965753389462692,-0.00270611760722075,0.00163805429617662
1993-07-01,-0.00683440988599512,0.0165755262819663,-0.0130736887309232,0.0224055882768877,0.00693687197084443,0.00753353146641161,-0.000134133714198307,-0.00296691970756784,-0.00286136958839382,-0.00115021588048171
1993-08-01,0.0150987087116233,-0.00726035875523547,-0.00537316045770318,0.00220564391062673,-0.0053134062808241,-0.00425538478557443,0.00566753630245766,0.00448902371746611,-0.0030397448480607,-0.00507300966700344
1993-09-01,0.0048343749111212,0.0100325358735767,0.0134789056074853,0.0161025371026558,0.00951854511438962,0.0039276891137274,0.000200250112533855,-0.000294279795106855,0.00145945545263504,-0.000477459065373898
1993-10-01,-0.0271349709324602,0.00107659548312694,0.0236711159250759,-0.0107055406082598,-0.00915377514957982,0.00288841153184227,-0.009797160502139,-0.000489115596791891,0.00119560358859645,-0.00449143352594458
1993-11-01,-0.00265686497026401,-0.0149276169771541,0.0158364177131571,-0.0160574074822424,-0.00448397326297431,-0.00278493483798354,-0.00574808119044446,0.00116294952666108,0.00810755278914273,0.000214423799159969
1993-12-01,0.0192860992377886,0.00225690017911262,-0.00565353588994489,0.0107239530099076,-0.011389555275468,0.0012372568201199,0.00292402197773692,-0.000939559240805267,-0.000386018894613987,0.00253013995191917
1994-01-01,-0.010741809148824,0.00207737075957924,0.00665072030264523,0.0070951202417291,0.014057331303333,0.0028550046416626,-0.000306162907361333,-0.00223824008693365,0.00200759072181276,0.00680657182523528
1994-02-01,-0.0039428989663715,-0.00169234015592973,0.00561774394379408,0.00750931572094055,-0.00343418963627242,0.00545875736247667,9.67067725381438e-05,0.00554383455458818,0.00240517939272842,0.00161588009519377
1994-03-01,0.00131793450894725,0.0125803085524578,-0.00855161498445794,0.00059240028060192,0.00865107338276328,-0.000199546397530915,-0.00189048843970336,0.00659940016783226,0.00308145963116251,0.000528783914519138
1994-04-01,0.0162017378541353,-0.0118162846637911,-0.0245082685810914,0.00579773202156396,0.00552452151649465,0.00564464780578576,-0.00463264320227636,0.00841022242113599,0.00454807473526506,-0.0012055804704764
1994-05-01,0.00358540740203019,-0.0136287585804214,-0.00182810642614542,-0.0104412581900498,0.00460521451865642,-0.00654924895780878,-0.00244459787066096,0.00522358645379061,0.000942562374498951,0.00371999063375816
1994-06-01,-0.0125338107542371,0.0157990126241403,-0.0291158270328352,-0.000328973327215381,0.00104775327220562,-0.0084832887247992,0.000178073171181998,0.00593094910458342,0.00771945447794831,0.000800882650404753
1994-07-01,0.0157901337526999,-0.001394105661271,-0.00779748931116095,0.00290038805557144,0.000498849580964358,-0.00276448319848315,0.00196773134946134,0.000596104222549211,0.00237109631639292,0.00115689893626671
1994-08-01,0.00274189991161743,-0.020390623603879,0.031092330212023,-0.0139186583898233,-0.0217921504181975,0.0152580855393934,0.0040144301957319,0.00151183689517175,0.00122505166001314,-0.00227081797938471
1994-09-01,-0.00741099105663937,0.00678547559688903,0.00351531606540377,-7.32259124280485e-05,0.000403450383541597,0.00913336862756084,-0.001502029274555,0.00315615481705118,0.00305913082744713,-0.000613375082603128
1994-10-01,0.000738194217262519,-0.0202550940705849,-0.00152878436844372,-0.00204151728026351,-0.00378109029165563,0.00318984153104913,-0.00152009735589816,0.0049478740463664,0.0019217787163051,-0.00159327968917066
1994-11-01,0.00288590051051477,-0.00759919074985041,0.0199658084132593,-0.024736961228273,-0.00892437733617705,-0.000469449762213654,-0.00288266128477403,-0.00258672703272117,0.00363064244824821,-0.00491295290160415
1994-12-01,0.0226251648854786,-0.00321596088610966,-0.0185770507318692,0.0148688416875943,-0.00950820703216023,-0.000384455136116432,0.00276502545353722,0.00479546323790604,0.00387588886640783,0.00205125153494139
1995-01-01,0.000989291268084566,0.00058703978317709,0.0219584592073433,-0.0263332887024658,0.00712274859792798,-0.00906691789470765,-0.00460504274473013,0.00583578992687652,-0.00278179452391918,-1.9953608768471e-05
1995-02-01,0.0152000292864547,-0.0130994501687735,-0.0109193326429649,0.017206312408935,-0.00290161790537837,0.000874304511405418,-0.00142723832165664,-0.00132565063790293,-0.00463802902858321,0.00693500342315078
1995-03-01,0.0047545123312467,-0.00506759721520108,-0.0104389028709126,-0.00346780767209028,-0.00501261896978417,-0.00119589953992782,0.000259843445348839,0.0017776018398672,0.00156246343540877,0.00184645986286456
1995-04-01,0.0041578163866959,-0.00614030869234408,-0.0151465773134797,-0.00479178632015559,0.00151737321301335,-0.00373592376930469,-0.000678918170908665,-0.00108024174229073,-0.00368799624756644,-0.000784767127738809
1995-05-01,0.0179752672931674,0.00463326313209472,-0.0077642074726629,0.00241258026201357,0.00291058225476564,-0.0042122042401056,-0.000898690095875989,-0.00240599615995007,-0.00607991591490464,-0.0017269849143363
1995-06-01,-0.00424586733555365,-0.0195799241342691,0.0323741647711651,0.00926808269331985,-0.00473088215177729,0.00685345136635578,0.00288766800125265,-0.00272420357567528,-0.00418243895705253,-0.00132139551449615
1995-07-01,0.000376174895419974,-0.0219868664462857,0.0262307504146926,0.013834830479264,0.00533499025750679,0.00951454678134193,-0.000237826240312434,-0.00622960026697263,1.98741118898865e-05,-3.24558234337688e-05
1995-08-01,0.00103859631159349,0.00374766706406992,0.00749570415994674,0.00608859485816741,0.00458543517875261,-0.00478919002463676,-0.00136930625830859,-0.000799035564767287,-0.00279135002586259,0.000851518310468715
1995-09-01,0.012354345531017,-0.00257449624258243,0.0153124223672526,-0.0200567780112036,0.0163027255623318,0.00203165403500939,-0.00467113353699646,-0.000578620127832949,0.00179928158659511,-0.0032884260421056
1995-10-01,0.0213924415559928,-0.00293060212009615,-0.00729013964875999,-0.00991481808930014,0.00724706876777249,0.000574195003861564,0.000286540792452157,0.00656569165007014,0.0106658185999036,0.00247437088350727
1995-11-01,0.0125548022079674,0.00168831715299837,-0.0087695323812834,-0.00778687417531206,-0.00805542966635085,0.0141853574650299,0.00447578686574488,-0.00597640370343612,0.00360939096739315,-0.00581684153835278
1995-12-01,-0.00244565872716256,0.0397178638095564,-0.0102044820026595,-0.00716094243225197,-0.0102557131243888,-0.00220204111868157,-0.000477607562761428,-0.00417657813409864,-0.00585853715649223,-0.00908772463636691
1996-01-01,-0.00335950628430446,0.00392746788404464,0.00234676011010668,-0.00630141549503492,0.0170393168752268,-0.00899393104912307,-0.00378034932819424,0.0058298292250992,-0.00513560881710738,0.00713254785201865
1996-02-01,0.00268085608767415,-0.0186195847808107,0.0103025341270982,0.0145135653001492,0.00876292878507876,0.00827154770557985,0.00185832547661098,0.00188412260830676,0.000325803724901698,0.00310201121345658
1996-03-01,-0.0117610296309598,0.0179526258588843,-0.0113459355648258,0.0128737078047814,0.00886131443851767,-0.00501945363940934,-0.00520302239161869,-0.0019178305969144,-0.000789319559846363,-0.00441979777289447
1996-04-01,-0.0147587412877556,-0.0142265937280547,0.0177898657634097,0.0236494849084838,-0.00878686258499194,0.0171538520610577,-0.00522372501503235,-2.47293751308835e-05,0.00114004123131785,-0.00415641299307762
1996-05-01,-0.0204168215273238,0.00601491555480543,0.0193970567759583,-0.0137436050551658,0.0127717663936322,0.00094830784880607,-0.00125320494067848,0.00379142322353716,-0.000821184392764517,-0.00349472166534167
1996-06-01,0.0281381648704282,0.0214193692512362,-0.020041464624508,-0.0200376215538711,0.0265217331184297,-0.00521351937699254,-0.00078086901270318,0.00414826119198198,0.00717305076986816,5.44220770456187e-05
1996-07-01,0.0160146878046832,0.0128560690959275,-0.0326889273310532,-0.00523439018300774,0.00475718858730005,-0.011514724712989,0.00137229149137287,0.00408013034667735,0.00790719593777679,0.00562672870897857
1996-08-01,-0.00175854574327276,-0.00168997800048367,0.0066308432892644,0.0145618291941657,-0.0192160635563737,0.00357659868919691,0.000712438179988145,0.00579951316471981,-0.00277296106519147,0.00101860559666343
1996-09-01,0.0315513309787268,-0.0114198956926117,0.00873402295162069,-0.012060608643155,-0.00131631572113561,0.00161709044531611,0.00461391282256686,0.00222985701291816,0.00438912530805918,-0.00267246829975222
1996-10-01,0.0152960036950675,0.00924838548526933,-0.0361903115443223,0.00560135473434236,0.0168500566187527,-0.0145440164475824,0.00314441816733489,-0.00138163141628415,0.00173283652547389,0.00338333444076259
1996-11-01,0.0272125590176172,-0.0250606831777668,-0.00951988589760945,-0.00285662248499401,-0.00675918567150735,-0.0107126551742376,0.000797057428706164,0.00334342810701765,0.000147194042663073,0.00733892533449801
1996-12-01,0.00381723019194167,0.00247716411708468,-0.0053107207015528,0.00568951574883492,-0.0138310261813667,0.0116567611664441,0.00441113693195199,-0.00268751438004405,0.00629192409959325,0.000738226581530732
1997-01-01,0.0131041970725195,0.00151279246326777,0.0038277325249296,-0.0120843219700644,0.0327565207961374,-0.00318026884183711,-0.00546625667664592,0.00624276969817459,-0.00573599467529155,-0.00758373106041231
1997-02-01,0.0300892863942074,0.0372250835734898,-0.0273471842315311,-0.000554378879606908,0.015468238375637,0.0107394798672411,0.00476011352680522,0.00723077750600727,-0.00130862761094002,0.00403983656462802
1997-03-01,0.00682298549020214,0.0100243269769438,-0.0399103026337298,0.00207144165626771,0.00495516989078797,-0.00585453703201386,-0.00219181941187164,0.00391347235425665,0.00817240685944879,0.00995389573681621
1997-04-01,0.0525850573909015,0.00767355067330264,-0.0468484043650711,-0.0280328496782314,0.0105217407860284,0.0038024239584581,0.00124913163415714,0.00604386205005972,-0.00526987386568496,-0.00807199173450335
1997-05-01,-0.0255337483756509,-0.00784371497406983,0.0428941328588523,0.0173362077469799,-0.0258084696501492,0.0143210101515622,0.000402758989194137,-0.0066728033806668,-0.000272593337918371,-0.00287116879422078
1997-06-01,0.00725422997245576,0.0131936327818695,-0.0205482433163482,-0.00259146325159412,0.00584957505051838,0.00688083093177101,0.00280818095896391,0.00170424376032724,-0.000290696064268264,-0.00643134369856233
1997-07-01,0.0213711106142241,-0.0325128454028796,6.37747691522453e-05,-0.0160080963729132,-0.00816311931951565,-0.000122055849128565,-5.3803626233286e-05,0.00260097730917019,0.00631329103484803,0.00238315205127952
1997-08-01,-0.044667820185493,-0.00480965962351979,0.0221290732444784,0.00132554862953543,-0.026561434383986,-0.00697695443542787,-0.000805424219441993,0.00508859511597416,0.00385563595565647,0.0062604557493746
1997-09-01,-0.00583517292463246,0.0183134779501375,0.00689481462982885,-0.000932796904381654,0.00072393640087962,0.000378882180233025,0.00132268525372966,0.00486887498451717,-0.00223537488797396,0.00107678070477461
1997-10-01,0.00425923709988265,0.0342008406791606,-0.0233292756974994,0.0233447367729791,0.0151349212252885,-0.00135848244196458,0.00331774267446513,0.00875525392307333,-0.00196918639780837,0.00523533253997055
1997-11-01,0.0179157665816953,0.013439297021448,-0.0149032085174941,0.011325703159975,0.00966342637372521,-0.00593251924421552,0.0157625605894425,-0.00212942554528455,0.000426621510778171,0.00373184453985367
1997-12-01,0.0192832632903282,0.0114287576337413,-0.0287486061022521,0.0179627421186161,-0.00430184725344285,0.00387736346419127,0.0129120576560353,-0.000682837228839492,0.0100096207989509,0.00821463970315463
1998-01-01,-0.00329395610654855,0.0112566425541605,0.0387391983892775,-0.011533482918813,0.00987516672616423,-0.0028257312174818,-1.80911415377822e-05,0.00812966686716407,2.59267384003313e-05,-0.00607169361818595
1998-02-01,0.0143285689456559,0.00787082298317725,0.00798140926577825,-0.0146792222230023,-0.00338068809240921,0.00957015276601638,-0.000237970863435361,-0.0040122582441154,-0.00357159711735829,-0.00036554820806295
1998-03-01,-0.00510974499915792,0.0111919278835293,-0.00250518450062027,0.0256388140096841,-0.0031949772580167,-0.00176275529283736,0.0104200886272387,-0.00162976058863373,0.000956620308659885,0.000587771519705133
1998-04-01,-0.00978737125094732,0.00228804271508255,-0.00437673702005861,-0.0159556864773758,0.011174697582071,0.00925066160851322,-0.00837988785379078,0.00318404465089466,-0.00224588828518044,-0.00238264232621745
1998-05-01,0.00420823144530247,0.0108586415004099,-0.0158764789878128,0.00701198604449352,0.0147455224265147,0.000805721301196498,-0.00117168373243835,-0.00104317733029573,-0.000656675685362843,0.000367771643691075
1998-06-01,0.0346512815617071,-0.0203795222996981,0.011715175528038,0.00456942567107971,-0.00297230703465236,-0.00990565341957477,0.00915976351293314,-0.00253579242471085,0.0183251404152933,0.00149908324563758
1998-07-01,0.0116104162273421,-0.00168990575000802,-0.00228709902375626,-0.00946252696790504,0.00841745403153253,-0.0137879010502184,0.00301041463743171,0.00635788973721053,-0.00262247585443164,-0.00114409807364108
1998-08-01,0.0282755111184005,0.000774268702833363,-0.0277351473490399,0.0159526905091049,0.011649630100721,-0.0228241346282814,0.00764334635398756,-0.00245369883718113,0.00203882936915179,0.00377387710734457
1998-09-01,0.0558323441122513,3.01885227040654e-05,-0.00552614167268951,-0.00223097899817283,-0.0515494618786413,0.00342214112932392,0.00357569526028015,0.010046511198199,0.00233996325526251,-0.014462893062896
1998-10-01,0.0266856339867383,0.0534579874706175,0.00551977950340484,0.0437862951134432,0.0161319979462081,0.0216054337343522,-0.000333204541300002,-0.0132206710193344,-0.0107820097729009,-0.000268372718625289
1998-11-01,0.0189090199723186,0.0286750797647943,0.0361819439171355,0.017867582019745,7.25662366601216e-05,-0.0119008537981809,0.00487611788027595,0.00104168545531445,0.00445570573931529,0.000235304575039425
1998-12-01,0.0480875709159982,-0.0349607219020097,0.00815154245254824,-0.0272685246683306,0.00139354440962329,-0.0132815788441,0.0113127519881636,0.000328310904878661,0.00534877445472737,-0.00311454413207125
1999-01-01,0.0142028618842309,0.0120666004270873,0.0461125895539754,-0.0074777798466114,0.0350386442846708,-0.0303092608983723,-0.00237126170634774,0.0174516359716143,0.00761805199303998,0.00396834361402813
1999-02-01,-0.00582259094937164,0.026880390543995,-0.0071434724256357,0.0229461906544204,0.022702319794381,0.00810027581068369,0.00490277327063132,-0.000739040929773184,-0.000487670844450094,-0.00168794742267804
1999-03-01,0.048534918207043,-0.03048352510687,0.00161867964665553,-0.00633410880473766,0.0246495046451231,-0.00725214748687026,0.00730342981358451,0.00169696143045972,0.00657618085935871,-0.00553165326971447
1999-04-01,-0.0279960759603344,0.0318851607138588,-0.0189522885049263,0.0221523258973283,-0.00870522759831532,0.0146149474145403,-0.000761367542436935,-0.00770739978224017,-0.0203437586358743,-0.00304636962750862
1999-05-01,-0.0346281256780728,0.00413938863792404,0.0120264873658039,-0.020206148107746,-0.0117634066109753,0.00969461908174178,-0.016800123697678,0.00225245246627169,-0.00820526577973627,4.89379704744045e-05
1999-06-01,0.0134722339744026,-0.00600647861772685,-0.00830741364621022,-0.0193037677349772,0.0143220467018423,0.00637519999586237,-0.000611671366707987,-0.0104944337282638,0.00450253415564332,0.00128087369827542
1999-07-01,-0.0231468621042669,-0.00871317113764646,0.00413049435586442,-0.0123873487095466,0.00500641356547573,-0.00919757888195081,-0.0138547497075266,0.0072016157683178,-0.00117953754172351,0.00435841327069043
1999-08-01,0.0176195467520898,-0.0250863450948599,-0.0171944745684651,-0.0194201757333684,0.0159775033918466,-0.00539161569505562,0.00118143153130971,-0.000406396245741295,0.00588580734181806,-0.00471112579397688
1999-09-01,0.0142027517129681,-0.0282384631522382,-0.0105641764361473,-0.0237460813944346,0.00973540399130681,0.00235855459895747,-0.000450906897324513,0.00553412827831042,0.00934523281155669,-0.00050919302404368
1999-10-01,0.0450005173430516,-0.0167035180301455,-0.00389266852553709,0.0220381082067423,0.010118915242799,-0.00744122470812175,0.0174804678480344,-0.00874355648304478,0.0134414970848184,0.0207576626346652
1999-11-01,-0.0363767331768911,-0.0132175536449219,0.0108252329622115,-0.0137198163504385,0.047210551870063,0.0171592888515757,-0.00154197248682361,0.00172707274986058,-0.000476537326435881,-0.00660321886592599
1999-12-01,-0.0220861662494923,-0.0773453982807258,-0.048009147081153,-0.0315089734584162,0.0124374070626873,-0.0204812536755342,0.00556063867603386,0.0181697191454536,0.00475676496300337,-0.00242506765400854
2000-01-01,-0.0465019257739417,0.0346178431562065,-0.0059234013057617,0.0305437554306546,0.0483977379381227,0.001724102287534,-0.00826351662399151,0.00205822198452037,-0.0194734704129029,0.00724037953005124
2000-02-01,-0.0964243377406686,0.00891608564802988,-0.0957022945529389,-0.0973714511692672,0.0318756085360998,0.0215270091792956,0.0196694257842754,0.0217568698751336,0.00981969883631944,-0.0143481671766235
2000-03-01,0.09253856625515,0.0156185523965669,0.0802840252222002,0.00924347766915978,0.0156846139084922,-0.0105804776172367,0.000384305534025093,-0.00329133450140571,0.00449858478003122,0.0256048108761833
2000-04-01,0.0677992068662846,0.046746772288929,0.0224769330733681,0.00195207941851609,-0.0171778383444242,0.0032865319881995,-0.0202047637345406,-0.00669347081293777,-0.0247744062942551,-0.00144754493878666
2000-05-01,-0.0281732702838698,0.0155427856371203,0.0303079647126628,0.0583374566555079,-0.006001739383275,0.000536473820181431,-0.00119249214238557,-0.00913912779432288,-0.0120733831266866,0.00611444752982365
2000-06-01,0.0335092416107328,-0.0617184795183325,-0.0628075881874419,-0.033160754696618,-0.00129437377247116,0.0314792973232556,0.0212507989662812,0.00920548935168082,0.011950854924208,-0.0205608931648684
2000-07-01,0.00155598512113354,0.0407639826949271,0.0224974584284573,0.0340501195107851,0.0161490477776135,-0.0243529893510072,-0.0100405777685854,-0.0036334369772562,-0.0111508653107757,0.0107084140346725
2000-08-01,0.00353220102911767,-0.0327299703612734,-0.0802198491932337,-0.00110900550140727,-0.00504497616410871,0.00205580921390275,0.00422286709366315,0.00624111923281973,-0.017657212463592,0.0016591098019762
2000-09-01,-0.0447477308641526,0.00332188968915187,-0.0277713945110527,0.039376016332635,0.00436982182919418,0.00956257348017987,-0.0145313016168185,-0.0111925934893009,0.00592061625994753,-0.0106209347964785
2000-10-01,-0.0281042798286768,0.031475459879796,0.0480478919112382,0.0240546797868561,-0.00030038590983773,0.0262239529340553,-0.00066290736475218,-0.0125287292753128,0.0125112380725535,0.00320422995567243
2000-11-01,-0.0148727207738772,0.0522927920031682,0.0299924117649261,0.0466613840810829,-0.0142767010964398,-0.00603040581273,-0.0129115396307807,-0.0228413474168397,0.028404591460008,-0.00743021859037762
2000-12-01,-0.0085432985312834,0.0233015711612551,-0.0932410867650918,0.0359671747708849,-0.0098915794467301,0.0226955416778063,-0.00159207156950952,-0.0370715306633234,-0.010348141846872,-0.0044142596882827
2001-01-01,-0.0254894145884666,0.0101286571215366,0.179260075440661,-0.0103952342488264,0.0192312431049175,-0.000842838102436168,0.00709140990031703,0.0405869238120919,-0.0430619480149634,0.0269949365412147
2001-02-01,-0.0482181990467496,0.0775805136123593,0.0433111245213008,0.0199690777854932,-0.0275208583772509,-0.00956524639563115,-0.014053659020399,-0.028881009967,0.0135720702978219,-0.0112777810985356
2001-03-01,-0.0170617420266977,0.0462270917753218,0.0123678036636578,-0.00536337381047835,-0.00994573627352839,-0.00491230274805714,-0.00330634934328769,-0.0132980325970432,0.0195799648212231,-0.00924802341415492
2001-04-01,0.019408656029133,-0.0314785213829827,-0.019994841732241,-0.0165696406396781,-0.00292627817386465,0.00450809984281196,0.012556262806291,0.0151924859051573,-0.00490872193447881,-0.000491724873309421
2001-05-01,-0.0252451866414026,0.00625525335261529,0.0162329078825111,0.012469516831576,0.0108919155893083,-0.00114424114592969,-0.00719722115833455,0.00574126014473792,-0.000680965891377353,-0.000589495153059573
2001-06-01,0.00106266073204694,0.0111743154344187,0.0249471587093448,-0.00538964704506496,-0.0125794778778724,-0.000305390367858215,0.00564099050647231,-0.00690115793506382,0.00152683851533609,-0.00700501972138358
2001-07-01,-0.0135946031907695,0.0437606656891431,0.0174148086350841,0.00367099485755503,0.00461582861126513,-0.00273498631534085,-0.0044346475129773,-0.00190999163143855,0.00535270896625103,-0.00106331501574457
2001-08-01,-0.0317392401770466,0.0333256275409345,-0.00186633672251879,0.00138174769998207,-0.00472781969503391,0.0012337932268188,-0.0162837746677842,-0.0055304310612724,-0.00144032776254314,0.0033162780475877
2001-09-01,-0.0169607828718862,0.00929125713811928,0.00217923626130526,-0.00114410926100904,0.0115674940627826,-0.00917566559807693,-0.00278572357547078,0.00405082319280969,0.00829615985710637,-0.00704376884073083
2001-10-01,-0.00989990091253535,-0.0225475109737207,-0.0154745248378142,-0.0108230861014682,0.0117275212755708,0.0139147549522905,0.00496809628371273,-0.00269568528344733,-0.00462031770409067,0.000612619192028084
2001-11-01,0.0478826406453988,0.0161107673662778,0.0147898331193928,-0.00483131296126601,0.0142660690962681,-0.00179577397095966,0.0136185065812892,-0.00181990502942992,-0.00580427559035945,-0.00291663276989054
2001-12-01,-0.0138602263681263,0.0184431602721436,-0.012100648160395,0.00336626782849284,-0.00799770935110852,0.0136268633990244,-0.0039357203854582,-0.00576423405934971,-0.00979757310209653,0.00253160562603404
2002-01-01,0.0145579400356258,0.0387485895271644,0.00869244980340055,-0.00939865934318194,0.0108826041657002,-0.0197397028832939,-0.0156685911110033,0.00381713422999422,-0.00802778300565988,-4.026642359564e-05
2002-02-01,0.0170483040715682,0.028965789493663,-0.0272990361467061,-0.00118179883546186,-0.00864972386613606,-0.0118582841355879,-0.0123922693214204,0.00298842880492961,-0.00259485060152924,0.00679044842065297
2002-03-01,-0.0250169439759726,0.00928404839901354,-0.00604202564000672,0.018119265646485,0.0112038756986178,0.0233466335898456,-0.00154119258129509,-0.0182449498842048,-0.00365456940044277,0.00175516642945598
2002-04-01,-0.0161685002194984,0.0553988963214532,-0.0148474506632554,0.0316036748337055,0.0103274150254234,-0.00746762176400773,-0.0194501497087765,-0.00104707245781629,-0.00255933536625151,0.00329848035395111
2002-05-01,0.0154507136041476,0.0318661585789154,0.0161634288924617,0.00735948518548366,0.00750456791576859,-0.0201229028057025,0.00385884114742021,0.00338373568349754,0.00434234412693842,-0.000131265660690501
2002-06-01,0.0254122204662707,0.0204013260335216,-0.00174580373173086,0.00681227582573278,-0.0019586437298795,-0.0124918835745075,-0.0163304177073301,0.00589597487763381,0.00777351140736382,-0.00762110934149113
2002-07-01,0.027097569855492,0.000318961792293183,-0.00798795261399839,0.00441388836653266,0.00208913832948834,-0.0177555758972661,-0.00679911439113641,0.00806531624180338,0.0037471132126814,-0.00740083532291926
2002-08-01,-0.00412069144313339,0.00589502307623454,0.0173129629989708,0.0075107812808515,-0.00266176669310856,0.0121776130521142,0.00466394516895224,0.00383412007905729,0.00770142991140962,0.00228999113487021
2002-09-01,0.0184817856391607,0.0143432547266821,-0.00841118599508727,0.0317701914420626,0.00228688349753563,-0.00975117056509964,-0.00829208111245033,0.00120209041772428,-0.00367111310160958,-0.00512297733606773
2002-10-01,-0.00273485521118519,-0.0431582067170515,0.027063658209042,-0.0263068533268442,-0.0125107650389747,-0.0100050211319444,0.0311979525465796,-0.000975132342246522,0.00290643224197738,0.00392582314864806
2002-11-01,-0.0788625355185583,-0.0308852913366963,0.0238385980958037,-0.0271438990382026,-0.010274074858262,0.0194565677272667,0.027290282466025,0.0143700687031547,0.00596083568196029,0.00955255313780318
2002-12-01,0.0203577023710024,0.0278681489147614,-0.0201595772032482,0.0362857128481479,0.0174372041656408,0.00808270335965769,-0.0224377939269088,-0.0055714451986493,0.00561803423452934,-0.00164204283726872
2003-01-01,-0.0207532563845444,0.00402723815240669,0.00158613999841585,0.0189965591031426,0.00294774630613616,-0.00556085425007194,-0.00896789431890504,0.00479959978454157,-0.0106404834751254,0.00153514207431656
2003-02-01,0.0108602196792687,-0.00964093861770102,0.0091975901040223,-0.00216621789526006,-0.00836572126025339,-0.0163334320523167,0.00128544419348159,0.01010365543625,-0.00235837866654413,-0.00158443632477469
2003-03-01,-0.00529429320879235,-0.00749752247506081,8.24277763495248e-05,-0.00945891014236999,0.00745710340073145,-0.00151510631893776,-0.0069083037791329,0.00338233096423216,0.000620518495619211,-0.00308175431693933
2003-04-01,-0.00796614844048799,-0.00302002899726377,0.00707290630331319,-0.0211687578905978,-0.00550120267528437,-0.00839890169441004,0.011737030556583,-0.0035442500399004,-0.00520917601127466,0.0054524751166153
2003-05-01,-0.0652858106255099,-0.0250150952517131,0.00893794734133755,0.00362247189318619,-0.0101287630783915,0.00483841221043629,0.0177722660210495,-0.0124947247526755,-0.0149220179000907,0.0109887557283384
2003-06-01,-0.0211956254885364,0.0205705837516529,0.0247717602356406,0.00160043111126012,0.0152609551100987,-0.00726170673084454,-0.00139693407071923,0.00366311094882306,-0.000370297584176569,0.00228030858354397
2003-07-01,-0.0118763933315321,0.00932975674310459,0.0339662318660446,0.0141190696728974,-0.00236022732471677,-0.00626169116070145,-0.00221365430817625,-0.00244562465297077,-0.013043801093738,0.00287679594670943
2003-08-01,-0.01924344128587,-0.00504356053414716,-0.00216662686730563,-0.0131428181387253,-0.0107050880421354,0.0045288161018973,-0.00370623574390195,0.0023414715460666,0.00056509050298876,0.00100106064390554
2003-09-01,-0.0179723898611778,-0.00306194492923167,0.0221281025208963,-0.00561326061034181,0.0261987567327897,-0.00129531619395561,-0.00602473758914141,-0.00284101126232931,-0.00619438286593613,-0.00863473783853714
2003-10-01,0.00562460116598239,0.00396133909621351,-0.00515693945509418,0.0273683614796562,0.00314228457686679,0.00809070365394139,-0.00490359627015911,-0.00219116324112375,-0.00922215016365296,0.0076904799481699
2003-11-01,-0.0110440111620133,0.0115157425034404,-0.00093287841811321,0.0163196500878381,-0.00439131611448924,0.00564145108623723,-0.000822361500495814,-0.00257508687327573,-0.00167883880587215,6.51251675587576e-05
2003-12-01,-0.00339091024818845,0.00368844395460081,0.00638323928226904,-0.0137427490802713,0.00330073134929112,-0.00475697297457823,-0.00218305026445734,0.00370235439960436,0.00686832776520946,-0.00161067067233243
2004-01-01,-0.0296512895586234,-0.00519784161576215,0.0147478624905102,0.0161581660365315,0.00394867532925698,-0.00664740030190291,-0.00177714044098,0.00278280339640829,-0.0124161080071496,-0.00366320754129683
2004-02-01,-0.0174133532460728,0.0161000006148107,-0.0111765896566448,-0.00554942207200305,-0.0094426273214442,-0.00236198509786205,-0.00186123872913694,0.000121831069301997,0.00305489658434506,0.00407307361307835
2004-03-01,-0.0158061362579096,0.0140638575895567,0.000512652350599732,0.00386860126858022,-0.00366388486963926,-0.00162013272956142,0.00238785926114039,-0.00560950332601486,0.00481716631576896,0.00323135969776008
2004-04-01,-0.0119981545121017,0.010344882365646,0.0020909618592737,-0.0204394382201369,-0.00830666019814131,-0.0156742499206617,8.92331076837147e-05,0.00361180109165551,0.0128248517566531,-0.00473086085452252
2004-05-01,0.0137437389835913,-0.00210580480943796,0.00376225360722663,0.00761613657976648,0.000574536133630634,0.00747679050322853,0.00433817650872504,-0.00191538777769758,0.00253941886951454,0.00824320031453734
2004-06-01,0.00745462208146457,0.0107507574081348,-0.00591347623841945,0.000667490604496424,-0.000296242853448389,0.00518033018286538,0.00062840395316848,-0.000663464243367091,0.00771110085492631,0.00173226942950704
2004-07-01,0.0146968033840172,0.0214895661746578,-0.0184925664014355,-0.0204147808924751,0.00246663562023361,-0.0173707295378004,-0.0054883971497394,0.00353168459062153,0.0102074584270557,-0.00279154757107745
2004-08-01,0.0135537211123664,0.00243047003719214,-0.0111711325459859,-0.00251259542802326,0.000254084976958851,0.00521966552128924,0.0016423815709975,-0.000453115077065937,-0.001560607273147,-0.000471209030372434
2004-09-01,-0.0115074248289885,0.00678353098039838,-0.00643945397577384,0.00654927666844365,-0.00521933589263053,0.00349537735348022,-0.00273577501233315,0.00286365413929187,-0.00190217335714082,0.0065884857403991
2004-10-01,0.00566375541163023,0.00584133208663068,0.00667386089266686,0.00458969383913511,-0.0036327202442815,0.00303337350886787,0.00254971742725959,-0.00274517985907755,-0.0040210678072564,0.000652583582507672
2004-11-01,-0.0132626477609444,0.0102111184312587,0.0049674923453881,0.00119651158291022,0.00752481214345928,0.0013234134927773,0.00223300989754554,0.00013959176345671,-0.005308139308404,-0.000590915428011458
2004-12-01,-0.026603179563564,-0.00753966777448733,0.0249369250774065,-0.00289458801859073,0.00421198715256365,-0.0010331892140024,-0.00653949538792456,-0.00253237276149705,-0.00454521710409496,-0.00289263502544133
2005-01-01,-0.00131272398536291,0.0122529425216072,-0.0227820585242338,0.00603171872847548,-0.00331470259171449,-0.0120058067805248,-0.00255465716670799,0.00547103606169365,0.00397044253832267,0.00163631039310348
2005-02-01,-0.0162849418254466,0.0059219272668359,-0.0330819914071195,0.00776989811643607,0.00230715573184354,0.0132103404378819,-0.00545257265327532,-4.97359800716136e-05,0.000252303107120803,0.00090264420924561
2005-03-01,0.00421068898330922,0.00653617786553542,-0.00894494482963178,0.000681963534784831,-0.00329040263892481,-0.00388055063607208,-0.00525729834241746,0.00145118192618334,0.00336811257057883,0.00286620903669372
2005-04-01,0.0133747874402211,-0.00698615460980272,-0.00498857426601596,-8.27016511314027e-05,-0.00828446300209586,-0.0169836634503668,0.000422943106619742,-0.00158488324741816,0.00519288492366751,0.00185312147377805
2005-05-01,-0.0066434522767683,-0.0142920216904613,0.00654151598834898,-0.00371474735386263,-0.00955972057125246,0.0104717510908197,0.00342796325705825,-0.00156142199303802,0.000357668632024823,0.0041987745953268
2005-06-01,-0.0152597150275838,-0.000322762966595357,-0.0157411306456724,0.0143469993631287,0.00203823073835885,0.0141596893275998,-0.00825346524234802,-0.00175845343376767,-0.00148466350979468,0.00419760689082167
2005-07-01,-0.00520361191072879,-0.0207040250312403,-0.00765060128017763,-0.0108693081788548,0.00784231906060382,0.0131544982118594,-0.00132643640895996,0.00116128989896957,0.00143046338387356,-0.00567532052398055
2005-08-01,-0.00595560885687089,-0.0120822733674014,-0.0133456979059068,0.0120093218267654,-0.00301572120070546,-0.00196353354638942,-0.000958871089180844,0.00184349644210775,-0.00137421128339609,0.00219793688206216
2005-09-01,0.00322330633339742,-0.00919511174139082,-0.0253659612766906,0.0109790633514107,0.0143747443953936,-0.00206337421644437,-0.00634196279741719,1.02990578231062e-05,-0.00343288127991075,0.000973862598431365
2005-10-01,0.00679656709843744,0.00728144914321876,0.00803255940038614,-0.0117660094810635,-0.017343548344103,-0.0032252117774876,0.00367823383089439,0.000921946453785447,0.00562277812804771,0.00194837918201209
2005-11-01,-0.00530565027203587,-0.020604801622169,0.00667499123728981,0.00156650033364833,-0.00726550138418644,0.00600069694957607,0.00404962171247755,0.000427995028279734,0.000494064586802149,-0.000726588804875115
2005-12-01,-0.011233684995653,0.0102506416319055,-0.0134966645770663,0.0067757084921196,0.00542773439237767,0.00434518179126013,-0.00536698326298329,-0.0017299186003827,-0.00370469914239586,0.00247955283476429
2006-01-01,0.00215419861208064,-0.0220163471784546,-0.0219705561721435,0.0195225357181498,0.0226211699956969,0.0134187406383139,0.000990170218493126,-0.00336664038226974,-0.00765971615333047,0.00610088088749553
2006-02-01,-0.00850906571601654,0.00818474137868861,0.0132107101256347,-0.0132057611865468,-0.0139050055473185,-0.013162091548479,0.00590403624833656,-0.00164908963171742,0.000249494435667867,-0.00318713699209147
2006-03-01,-0.0013684828832605,-0.0133824965051304,0.00138517723996126,0.00660552637720848,0.00712813929664761,0.00352406315307433,-0.00398358838404961,-2.51880964714352e-05,-0.00165082635886475,0.00230164981567481
2006-04-01,0.00293321418106418,0.00351197055870601,-0.0129182931974856,0.0168859400233845,0.00313748040749752,-0.00596743775477595,-0.00332524907153505,0.00127795739104695,-0.00364560832588992,-0.000578525000807027
2006-05-01,0.0145601800982823,0.028741453535593,-0.011354792321963,0.0082368846938416,0.0017956439029464,-0.00350631157709792,-0.00138506444412058,0.00194192163520893,0.00261814399198389,-0.00516587083098196
2006-06-01,0.0145184354048948,0.00916611003952062,-0.0132690236755481,0.00732979177064059,0.00414341067955919,0.00408715865886448,0.000318642419588704,-0.00114713724328505,0.000438984910745872,0.0017354609226618
2006-07-01,0.0140665878908079,0.0408687447209834,-0.0282282134364394,0.0120052138288218,0.0113018427268036,-0.0067135885861201,0.00401081153056692,0.00277546860327539,-0.00539337186216973,-0.00382365781453429
2006-08-01,-0.00362878453624361,-0.0274933321234269,0.0204277011094583,-0.0209747484905568,-0.0142735936922543,0.00459873170255337,-0.00151966541814659,-0.000915720021455857,0.00385169785932984,0.000979887646721972
2006-09-01,0.00260447671704365,-0.00271017163249637,0.0188473713487802,-0.0231506936100021,-0.00740934454543454,-0.0166413115931447,-9.89990379621411e-05,0.0001861661758891,0.00437064457085322,-0.00267836360006759
2006-10-01,0.00303915279538204,-0.00687791670274213,0.0118547802542301,-0.0051409380622755,0.000136123614391149,0.00998606980849088,0.00299043533168905,0.00282240575269727,-0.000988117886881748,0.000904716602156854
2006-11-01,-0.0026840191603296,-0.0123192409139436,-0.00798024041625421,0.0102105323378089,-0.00131064057958381,-0.00108947242366668,0.000583155651430231,0.000891435110468226,0.00447977119008239,0.00508811526389379
2006-12-01,0.00391145928235349,0.0166127866572892,0.00783503985218721,-0.000878131267616986,0.00656749258106295,-0.00498126588805525,0.000245981433728019,-0.00184805538317031,-0.00571637069597209,-0.00357149951470469
2007-01-01,-0.00418485413513802,-0.000363231097860505,0.0040654204650812,0.000638966985935797,-0.00109177359068449,-0.00413804638913465,0.000650496024016501,0.00645594633115671,-0.00081545961682427,-0.0035430624258634
2007-02-01,-0.0148661155235454,-0.000666882187292396,-0.00445299473986174,0.00961645874872482,0.00167596409119547,0.00546647478642467,-0.00427507005747975,-0.00196417805278879,-0.00236290523061789,0.000782680891678142
2007-03-01,0.00839663304090858,-0.00496423268076929,-0.0219657950163724,0.0182826557324255,0.002477323528814,0.00330639171401499,-0.00161909284412365,-0.00136341110824519,0.0032147004368076,0.000210526341389543
2007-04-01,0.00147755800933532,0.000590791805859833,-0.0014443271243072,0.00450027193435044,0.011061510005661,4.23873112964242e-06,-0.00226101431974451,-0.000342192279886779,0.00131028523146444,-0.00472892280999421
2007-05-01,0.00954553504855114,-0.00815395729485283,-0.00319439449775293,0.0080973411151919,-0.00763151948107158,0.00633154095516724,-0.00156297618122049,0.00341458646723836,0.00537442964696534,0.00538528276618955
2007-06-01,0.000324722911899422,-0.00410054319145892,0.00100905828080132,0.00361576111319899,0.000419856129020945,-0.00278701031022433,-0.00314394474227122,-0.00148805157299237,-0.00169658372799637,-0.00335888728474962
2007-07-01,0.000126284110669879,-0.0119075160036029,-0.00750730743902364,0.00353382395058983,0.00679648538137469,-0.0161416124117733,-0.00233427679673293,0.00334649991746845,0.00191325075883341,-0.00464099385221182
2007-08-01,0.0199120614377355,0.00186024485730609,-0.0213796386146471,-0.000542080037518058,-0.00558909300184919,0.0108136302140941,0.00405565687291434,0.0069878203211442,0.00433653310246613,0.00977666850634237
2007-09-01,-0.00279730117308715,-0.0163224824973606,-0.00242512667274861,0.0139423135269963,-0.00466583398754071,-0.00522957524179187,-0.000512993105548556,-0.000976992621782877,-0.00287521061601023,-0.000886167436832591
2007-10-01,0.012272136943044,-0.0166226100483793,-0.00157223505505583,0.015998113311641,0.00255191958922437,0.000789300431892354,0.00718247506387978,-0.000953070483438417,0.00647479663474637,-0.00548794507961627
2007-11-01,0.0172518031320087,0.0245535566472799,-0.0215933600503995,-0.00439660409877721,-0.0155240402374092,-0.00926509453306812,0.00539619046056241,0.00153124326569008,-0.00249681193599861,0.00314149806519562
2007-12-01,-0.004199900025122,-0.0334156568338831,-0.0159087680498344,0.0158670863772584,-0.0067740245342789,-0.00333317752548818,-0.00478837064289824,0.00119316424539134,0.00154075708889636,0.000850504489204819
2008-01-01,0.00517076460275227,0.0555932274229565,-0.00851455372076081,-0.0165875036772585,0.00155481966347314,0.0100919240760031,-0.00581817652147416,0.00654632270571911,-0.0105283776020921,0.00622581521167939
2008-02-01,-0.0215088362111716,-0.018834987472039,-0.0131704200887423,0.0390242738921372,-0.0176239314665174,-0.0229589007520881,-0.000466441889320075,0.00260216844091072,-0.00660084805539979,0.00223451844273231
2008-03-01,0.02473965460406,-0.00317763038964611,-0.0158105069124379,-0.0105738380447619,-0.0162619940673261,0.00537894000051071,0.00186022282553733,0.00537395472085813,0.00416456108195612,-0.000452467875253592
2008-04-01,0.00516627740831065,-0.0431541254215694,-0.00334116248736691,0.0119009405160098,0.00507122183219215,0.0113716240687109,-0.00149162864847249,-0.0090627037941025,0.00626919646518567,-0.00431063575603218
2008-05-01,-0.0180503225530428,-0.0306800544675059,-0.00422067646389052,0.0101051330186222,-0.0140274259134674,0.00203558033745335,0.000265908295675801,-0.000613695728369662,0.00261273109814671,-0.00849747774892003
2008-06-01,-0.000990773455225371,-0.0483997641713828,-0.0273007849193512,0.0187991117378529,-0.00160724511318882,-0.0180353106631781,0.00101070992584174,0.00149282824781164,-0.000850086036491098,-0.00853196343155941
2008-07-01,-0.016647465503184,0.0945572621994755,0.0143630686322318,0.0309503466468702,-0.0413610962793575,-0.0020116213009415,0.0206711394189671,0.0120011623050173,-0.00240565959385802,-0.0108474142131968
2008-08-01,0.002357457682623,0.0224418600370593,0.00754408861264538,0.0146808838820922,-0.0051638653328653,0.00813257001027526,-0.00188788844039946,0.0074687779606413,0.00236364593118032,-0.00105182210411454
2008-09-01,0.0248614687699692,0.092433062852487,-0.0198360342968228,0.0468432509124766,-0.0134157054688894,-0.0209053666102124,0.0104954916441465,0.00812550199270795,0.00110561374012698,-0.00420596885766325
2008-10-01,-0.0123724401948424,0.0183302781531707,-0.00146834569075711,-0.0103569688726704,0.00826758600015715,-0.00426180284970687,-0.00169630239215142,0.00275046871434216,0.00721176324991359,-0.000297700263192642
2008-11-01,0.0183030813037995,0.00167643110205798,-0.0146402282025099,-0.0318458441965375,0.0158610518703884,0.00268411135258432,-0.0092910704199535,0.00441584255121792,-0.00811915784758818,-0.0125760666556416
2008-12-01,-0.00803074319322044,0.0402807465801741,0.0302791555373664,0.0125016636785908,-0.0296305491411289,0.0253043046477839,-0.00318979786018751,0.00135642686810198,0.0117468923458149,0.00775848258586138
2009-01-01,-0.0509541824352012,-0.0586223189404319,0.0291553911652509,-0.0267965484456418,0.0141777736383721,-0.0157949263947469,-0.019242459503244,0.0107136043913188,0.00608031814439985,0.00322032525374662
2009-02-01,0.000833380434021267,0.0192716813769536,0.0322783453414845,-0.0399303678068177,0.00945497967446199,-0.0207751273782748,0.00164255332323746,0.000971405934921871,0.0115666514751491,-0.0117343462124237
2009-03-01,-0.0177564248996213,0.0238229306966481,0.012012148122439,0.00763250370929586,-0.0148109833238988,0.0129676255532676,-0.00268986784591048,0.0172097547781372,0.00708937917844385,0.0110869417674687
2009-04-01,-0.00983574551157196,0.0783609696718238,0.0308594055068049,0.0553911643337485,0.000792729504902555,0.0552702269453062,-0.01291317993411,0.0240245920802888,0.00681317019254265,-0.00376959106564085
2009-05-01,-0.0128876508690522,0.0106707204920631,0.00988913977172813,0.041797777511507,0.029917124356974,-0.00354980181295382,-0.00210659582695703,0.00920590471634802,-0.00726752946716592,-0.00167079811091767
2009-06-01,-0.0333812952776505,0.00237316266678484,0.0245164428569432,0.0125111313833915,0.00281376654471412,0.00629642924162588,0.000662236557380327,0.00272572799024734,0.00276738145599972,0.000531596136665814
2009-07-01,0.0295734488768586,0.0478414242349067,-0.0060618888764341,-0.0453047341276204,-0.0127690803063938,0.0150853528920817,-0.00115055357570094,0.010865104898101,-0.00131544712342348,0.0107390528012069
2009-08-01,0.0108023627976232,0.0329124869377355,0.0142071105733223,-0.0242423475435072,0.0222521825609734,0.00827281893286581,-0.00619182186835958,0.0103398962474044,-0.0125053272304148,0.00480661019611947
2009-09-01,0.0118257753956804,0.00900629209998763,0.00892590355182488,-0.00200912724170525,-0.0131041263136624,0.00990852179512049,0.0036760737004073,0.00162217346805741,0.00205336095759613,0.00123777884098893
2009-10-01,0.00276176475280323,-0.040395660220429,0.00214228684576148,0.0292011254922657,0.0127998352175565,-0.0196800914426847,0.000511288082582924,-0.0020351289918062,0.00944555540259047,-0.00646154078732888
2009-11-01,0.0232339226759065,0.0083317637908855,-0.00836709919652673,-0.00984024419789946,-0.000463891377708891,0.00370438921553444,0.00361908850819214,0.00329191621883146,0.00197253224686335,-0.00127841357401959
2009-12-01,0.00575134377878822,-0.00649253111723725,0.00454930173688747,-0.00825001113147552,-0.01400896306118,0.0171279444596458,0.00167210872936991,0.00206656528169899,0.00467853896248749,0.00817693850664807
2010-01-01,-0.0392770968724911,0.0157806350578826,0.00108390867298631,-0.00429100876725028,-0.00412497699825911,-0.0145460717659312,-0.00552375800809208,0.000653286700134364,-0.00558079106128599,0.00387514582508553
2010-02-01,0.0180411115254148,0.00127187935980183,-0.00250917582736816,-0.0207067845687439,-0.00313269354585776,0.00876023442036652,0.000217562100098377,-0.00232212701538804,-0.003461375222142,0.00566956825712449
2010-03-01,0.00976166695874236,0.0311946517456925,0.0183032178040603,-0.0215088428235057,0.0098661543252136,0.0124835844326473,0.00611655056153571,0.000188789977705769,0.00705422374079197,0.00135472429175878
2010-04-01,-0.00362745118108771,0.00934737678993082,0.0303217569578202,-0.0319699484894724,0.0119164271085433,0.00263522689358635,-0.00601194468392559,-0.00539614203020352,-0.00167828915300602,0.00256031042185929
2010-05-01,-0.0113279797975414,0.00488112638795056,-0.00170274765302476,0.00489153808187261,-0.0101415201433514,-0.00801976037713151,0.000204708374599808,0.00133411773039722,0.00362994577699507,-0.0011957617903905
2010-06-01,-0.016862941301351,-0.0133744873452026,-0.0061714678547163,0.0308873222585995,-0.00663632299934676,-0.0158466886753803,0.00027884662426883,0.00130390775514423,0.0017124902047891,-0.00610177430808958
2010-07-01,0.0366959210355017,0.000557783011852157,-0.0118732794945085,-0.0195421642925795,-0.00680123055490182,0.0168025381606197,0.00267557381448546,0.00669528546607581,0.00178224450270782,0.00658424353650472
2010-08-01,-0.0219716210823022,-0.0124263253021535,-0.0108960864821319,0.0270997333754599,-0.00590974961880733,-0.0149760707405251,-0.00314562914821916,-0.000558038888140814,0.00673622949713178,-0.000530089888297241
2010-09-01,0.0292249994683057,0.0220324735592831,0.0297626902648825,-0.01513789940852,-0.015873735703472,0.0246261006591237,0.00786570278781006,0.00433445990638913,0.000205691150795102,0.00621272177205155
2010-10-01,0.0125888034510474,-0.00581199703862634,0.00150823198374486,-0.0056330475615174,0.00259624638757419,0.00572914560863003,0.000529979212030956,-0.00217606738524775,0.00192528256562432,-0.00475063484695569
2010-11-01,0.0191198437773641,-0.00355636910268541,0.00408651633672822,-0.0124043975017529,-0.00253735618291807,0.0104647233265901,-0.00190777403961232,-0.00162961914665595,0.000172726859165787,0.00265345209296877
2010-12-01,0.0131065244232914,-0.0197730244073963,-0.00151218005666187,-0.00256949433628288,0.000286120866960315,-0.00366512354522286,-0.00407344169774228,0.00144991113450263,-0.00480423268185298,-0.000632773373521296
2011-01-01,-0.00708876065399298,0.00610693185409728,0.00111803380406845,-0.00039147813584071,0.0201500309797276,-0.00714418660274995,-0.0096603334027201,0.004218789977791,-0.00253371693852995,-0.00419698299885972
2011-02-01,0.00747478869460648,0.00273568394355281,0.00780605298657938,0.0047304937495728,-0.00525270741937882,0.00708183905344223,-0.00103590837146237,-0.000846361535357577,-0.00658976297166034,-0.00288876629342975
2011-03-01,0.00271319294423409,-0.00367367518105972,-0.0058820898930786,0.00725308463339777,-0.00690482776951239,0.0140509555544873,-0.000202570785362042,0.000995327091958291,0.000713231971235219,0.00265698594157559
2011-04-01,0.00556454048802611,0.00751853739487362,0.00186861000975308,0.00926239690879836,-0.0051362196570369,0.00550187884873525,0.00450321833782119,0.00140649615123229,0.00195458357072887,-0.000656101608489025
2011-05-01,-0.0208725168624763,0.00267436975467242,0.00311487105742447,0.010337264958805,-0.0161415343953827,0.00089532635566947,0.00593029457889389,0.000418348625755983,0.00311573528504024,0.00233224932403824
2011-06-01,0.00536658077717449,0.00719003922328177,-0.00800832794081368,0.0119158567090388,0.000345664055129551,0.00149232125829388,0.00336742924838001,0.000398564801572109,0.0052779086936049,0.00229792988704969
2011-07-01,-0.0186816569444027,-0.00606654609250789,-0.00611606539059812,0.00947316751725165,-9.58285683816167e-05,-0.0110931792671875,-0.00187580404149793,-0.00198784234113627,0.00156083659260646,-0.00428404540842022
2011-08-01,-0.0151244333018947,-0.0140772207327098,-0.0335226522929104,0.0299689795979269,-0.0149994749803032,-0.0122447664843557,0.001100713823519,0.0033848922789108,0.00228402756115781,0.00132796628108577
2011-09-01,-0.055114425860747,-0.016949383569884,0.0063764727025452,0.0211104905420146,-0.0102245533956869,-0.00102204794952101,-0.00192982388641294,-0.00605659813484607,0.00985820354034193,-0.000227580386716511
2011-10-01,0.103512303252932,0.0056233477415099,-0.0230017162190145,-0.0293528989089128,0.00819500860360361,0.0267167970263207,0.00191642080199116,0.00885948277288557,-0.00748863411708072,0.0026593266695168
2011-11-01,-0.00327456325903665,-0.00589004952296736,-0.0170039242844161,0.0142886480341388,-0.015286053194006,-0.00505430447851896,0.000546917167960043,0.00218992260327032,0.00320217852170741,0.00563672357515912
2011-12-01,-0.0116364418324123,0.006423383271788,-0.00672972240195638,0.0064117812443657,-0.0119982769146134,-0.00104639358656062,-0.0035430447427983,-0.000134118574387336,-0.00621214943585324,0.00336973209310179
2012-01-01,0.0186308676879917,-0.0112631080666134,0.0190466612073258,-0.0366847825828785,0.0301676883557673,0.0174411328381004,-0.0037996305777235,-0.0028181953000021,0.000227297120483435,-0.00991929279517872
2012-02-01,0.00455735284599778,0.020308771473801,-0.000463402570812106,-0.00679966014392833,0.00993899204290201,-0.00938231173689909,-0.0039330058981245,0.00250536343432428,-0.00751934841193235,-0.0044734902519108
2012-03-01,-0.00228819714896888,0.0148889969869246,0.0257921302840426,-0.0120912237770304,0.000735937032478439,0.00640260344119976,-0.00615597360775995,-0.00278322651453904,0.00121560402266294,-0.00389586683407339
2012-04-01,-0.0205204578926015,-0.00201702185362449,0.00625183435924219,0.00839693635830473,-0.0143276890216926,-0.00423121497959354,0.000185907688973058,0.00103285428846566,0.00768773500572513,0.00211416289103358
2012-05-01,-0.0226925688332835,0.0075516820489375,0.00692412876404156,0.0226480253451189,-0.0176033166107066,-0.0143844208850656,0.00247457362635805,-0.0025206429731822,0.00271376615059794,0.0074771807985982
2012-06-01,-0.000204609699299187,-0.0118077989527857,-0.00564612421147967,-0.00046616910237025,-0.00635123217640789,-0.00163828992272039,-0.000659480498495219,0.000327446181187273,-0.000174441189833188,0.00242195701741881
2012-07-01,0.00831033427375947,-0.00079561552335285,-0.00793867761194203,0.0104312558309556,-0.00160086027596815,-0.0172146286062593,-0.00315156485817006,0.00520948534731073,-0.00098524415025597,0.00924763580976727
2012-08-01,0.00925404517801737,0.0224104590916414,0.0123537017648475,-0.0194455777739421,-0.0144787286297093,0.0126082085951933,0.0069351626278152,0.00793869180212489,0.0025938788839996,-0.00358763544646146
2012-09-01,0.00231253331375422,-0.00229004699676999,-0.00298164774798035,0.000838198699391307,0.00666327170102373,-0.00530917749337849,0.00239719053591917,0.000265397626677921,-0.00126796777801755,-0.0016468255612045
2012-10-01,0.0109810222730008,0.0053213243167982,-0.0114932925361247,0.00572058876232425,0.00881486999130995,0.00202485323068439,0.000597136954438464,-5.31585605131388e-05,0.00233368562402532,-0.00154820015052616
2012-11-01,-0.00386074172673376,0.00152813808855327,0.00704028374989283,-0.0109251073181079,-0.0136965370007124,0.0139378247774604,0.0017286349871914,0.00135102335769824,0.00368793365267285,0.00283176377986846
2012-12-01,0.0174363434319748,0.0124330910823464,0.00316246277389858,-0.0179830807765244,0.0083827672117517,0.0146294997679445,0.00655427422352766,0.000721035397512585,0.00457514835121171,-0.00407949547370735
2013-01-01,-0.00610776124934243,0.0155045519512449,0.0161395953940712,0.00227108666015396,0.00481226647840399,0.00722536967212693,0.000672536837214597,-0.00100877661867116,-0.0041871036579298,0.00342915227844074
2013-02-01,0.00542926496036099,-0.000758635447920519,0.000191308346710091,0.0112977692284644,0.00578964339464425,0.000536185299331126,0.000496975008152783,0.00140533623490836,0.00155217728068901,0.00167863963113724
2013-03-01,0.000678341174882037,0.0140088514818955,0.0157214178595595,0.0179090715274299,-0.00938063770388264,0.00613708646095057,0.000702076051720593,-0.00027993697681113,-0.00456565338856809,0.00447810188317777
2013-04-01,-0.005504948068358,0.00489206809495363,0.0162766468577485,0.00847186482210161,0.00587351650136872,-0.00394095028487821,-0.00534464468160167,-0.00413939441341406,0.00105558468571806,1.80907502932109e-05
2013-05-01,0.0139837244796397,0.00180877386608368,0.0143926060856985,-0.0387572707874218,0.0136209168932624,0.00646512826652135,0.00410971572155685,-0.0063086240464209,-0.00092341281939014,-0.00788241566678698
2013-06-01,-0.00617772955915564,0.0113462751566154,0.00956458654180275,0.0099061081028049,-0.00324382086385938,-0.00419700842224909,0.0024191829918719,0.000127909748053623,-0.00378368751534173,0.00174105591532359
2013-07-01,-0.00954969086979128,-0.00808150229227742,0.00292458101033316,-0.00927514340283391,-0.0109619837004859,-0.0011587172225167,0.0119815843864905,0.00421206715324813,0.00234107543283435,-0.000845815987909802
2013-08-01,-0.0193324473668169,0.00804652273566941,-0.0108467470344813,0.00286918667441146,-0.00880531728375541,-0.012370266835418,-0.00280798331263915,0.00717404092074552,0.00128503404892485,-0.0042125755033231
2013-09-01,0.0148731310675744,0.00478776453447736,0.0167519882642587,-0.00970876960817569,-0.00573555661946247,-0.00340269420453328,0.00859236021737091,0.00321604029165923,-0.00198905244780783,0.000294843548815102
2013-10-01,0.0129206301750624,0.0146042087795538,-0.0113817130667655,0.00508202011071262,-0.00678715648406068,0.00430766294210725,0.0015091077184068,0.00745513447478184,-0.00305726710494835,0.00217799329151365
2013-11-01,-0.00316970860867059,-0.000614040550885969,0.0196770251872778,0.0100812387767268,0.00332734897360882,0.00426989095580503,-0.0031607679214046,0.000608169833877627,-0.00146421420180207,-0.000908815685755208
2013-12-01,0.00237330457968081,-0.00347706684183037,0.00257171344306575,-0.00914726577971003,0.0018112755134046,-0.00106144121995798,-0.00198927376793064,-3.15903981539564e-05,-0.0057210235094998,-0.00205979202430462
2014-01-01,-0.0243715612217679,0.0070153415605526,0.033937913448156,0.0141797169475648,0.0185794441884788,-0.0116347937963471,-0.00227429176360747,-0.00441042092612709,0.00112049917806603,-0.00461907526107956
2014-02-01,0.000100292444634516,-0.0169164075501346,0.00633185291895614,-0.00172256151057336,-0.00277590236453596,0.00499542591820356,0.003748348007216,-0.00163690158273195,-0.0050829990544063,0.00128581888275682
2014-03-01,-0.0126362211291566,0.00175979803964353,-0.0197135267992341,0.00113311409916036,0.00118048603411769,0.00343554095496392,-0.00248156129823349,-1.21026636997526e-05,-0.00173399568206171,0.00152540977267459
2014-04-01,-0.00397679320295076,-0.0048772227538878,-0.0286112446247481,0.00358345226680054,-0.00771201176800633,0.00380304464885047,-0.00130810109785973,-0.00335336094488738,0.00135367534122647,0.00712995859569507
2014-05-01,0.0135652469479831,-0.00610012184722248,-0.00184784487220189,0.00179293113363047,0.000143489104578259,0.000417506024171016,0.00124733046819369,-0.00365027354684878,0.00228279996606312,0.00498995693730296
2014-06-01,-0.0065937321721018,-0.00458395794146132,0.00640057568971196,0.000609929586562751,0.00119318898096621,0.00971623319296651,0.00367760911051097,-0.00508080316035254,0.00183428187772444,0.000422018136658794
2014-07-01,-0.00765613371557454,-0.00900456883469737,-0.0132699652859821,0.000889898247999462,-0.00137057290170953,-0.00767696348354354,-0.00508671976022741,0.00196415027326097,0.001684961863934,-1.81488763893606e-05
2014-08-01,0.0011280738590275,-0.00232960846320882,0.0047068341886204,-0.00147961692585208,-0.0126242580752389,0.00240291180507061,-0.000332555748208327,0.00209208511254774,-0.00327393950915224,0.00423018560402938
2014-09-01,0.011385262575843,0.00149768218246513,-0.00371871999902864,0.00923172946811545,0.000308992578138769,-0.00797596370538789,-0.00418887817518421,0.00100991460671394,-0.00105560217823174,-0.00151359634084248
2014-10-01,0.0178330441766558,0.0211447493181822,-0.00269439592080657,-0.00876156913911181,-0.0183250564327868,0.0129379304908501,0.00337587243480613,0.00143471772115284,0.00281942219038368,0.0112480875774749
2014-11-01,-0.001186631940193,0.0109755028098606,0.0121980859926511,-0.0100811694656595,-0.00253988711865289,0.00654618219435434,-0.00466954073016324,-0.00113292517354374,-1.70572156342076e-05,-0.00363623548248748
2014-12-01,0.0136634633097808,-0.000281596216788607,0.0164687734599251,-0.000910630054329721,-0.00436788562553363,-0.00240178067346666,0.00231808917250065,0.000788585655963641,-0.00134468917617283,4.3003687829939e-05
2015-01-01,-0.0285237923460488,-0.000427035501503192,0.00285140253387849,-0.00126333584199312,-0.0201380627817175,-0.000572652150414477,-0.0085621645758666,-0.000100117050505603,0.000832863180476101,-0.00415919437781
2015-02-01,0.00403680892181458,0.0062132962765986,-0.0100585633594186,0.00373032578973037,0.0158522622701666,0.0170726595648858,0.00409306606488011,-0.00412473097030927,-0.00025245913493303,0.00016914125018031
2015-03-01,0.0139592318996652,-0.00390043360310554,0.0171866094768393,0.0027820504854022,-0.0027614111142133,0.00473302635486397,-0.00683739055201793,-0.00118766494770745,0.00135563761827706,-0.00279893251601474
2015-04-01,-0.0207108609083872,-0.00839307487657236,-0.0207268349157062,-0.0034652370683539,0.00802526561874081,-0.00611308465423949,0.00590337870929231,9.48246395642801e-05,-0.00162654369551811,2.34628875590833e-05
2015-05-01,0.00256556031427849,0.0133308429750529,0.014575591374951,0.0064369861056436,-0.00244640827877745,0.00555682325586144,-0.00244765810831249,-0.0044060996254095,0.00150849627697389,0.000447582117736198
2015-06-01,0.0167003554152679,0.0055463682561213,0.010707314292881,0.0183085347167657,0.00208843996191092,0.00424986684691991,-0.00351194364294641,-0.000659129390972409,0.00384332737440089,0.00285127188618953
2015-07-01,0.0408702505661958,0.0105970394721401,0.0273493001806919,0.0114711043626234,-0.0121370651253317,-0.0073646627161651,-0.00292363159229988,0.00233582876282223,-0.00234786045823826,0.00169409113749298
2015-08-01,-0.00339201533409017,0.00357542423456418,-0.000669102979944776,-0.00316945556149286,0.00854427438559403,-0.00686640907566468,0.0037935575088424,0.0045999568486601,0.000192956651472621,-0.00163439926218457
2015-09-01,0.0279290752760843,0.00313886332193569,-0.00621105643340435,0.00737074732134396,-0.00132060479848965,-0.00393531181712881,-0.0110519588252473,0.00339653784763294,-0.00511156796117154,0.00148225417437877
2015-10-01,0.0134902000010089,0.0018532029193981,-0.0110417369083074,-0.00393815237052886,0.00593904073277462,0.0029009817820347,-0.00538289791138163,0.00516873320955375,0.00800663332038772,0.00882005901937981
2015-11-01,0.00103713985138734,0.000566243928943364,0.0155719471614923,0.000824434003849385,0.00934653903648037,0.00588004199015506,-0.0025132849871011,-0.00157894068416636,0.00341724293908222,0.0034142536699315
2015-12-01,0.00690872926750781,0.0267189143734565,0.0189104927715149,0.0200006073306725,0.012379482083879,0.00461329700808763,-0.00304041651348887,-0.00482374188714853,0.0033154242215117,-0.00422427785067595
2016-01-01,0.0215756730243956,0.0177773170441786,-0.0123953165695993,-0.0137090871532683,0.00349507936592598,-0.00319421530467109,-0.00457310450743946,-0.00304116847863031,-0.00298120266508252,0.0015668322831817
2016-02-01,-0.0240713409211225,0.0117704798431419,0.00228913236774016,-0.0148632486250556,-0.0145419626829957,0.0118167213658598,-0.006888674230443,0.00202570744355804,0.0043767007383771,0.000902523681751347
2016-03-01,-0.0145770012476768,-0.0164426333971618,-0.0290524424215968,-0.0169106344956814,-0.000226525973598966,-0.00367700710877592,0.0125369882602342,0.00488185153643263,0.00619778368185041,0.00252183343785442
2016-04-01,-0.0112494295028556,-0.0175084165045329,-0.0106349828217183,0.00631018213609156,0.0244671496560868,0.0137679537182042,0.018990042290837,-0.00681469173905524,0.00371483627753432,-0.00627469292482043
2016-05-01,0.0108511753949246,0.00190593628998058,0.00622837939188176,0.00418909312811983,-0.0170826193553787,0.00320284986588529,-0.00558811039440167,0.00261981481657722,-0.0060167169315318,0.0063309525227157
2016-06-01,-0.0196584352894718,-0.00215600207575531,-0.00461931379797067,-0.0219028004323871,-0.00117526524755186,-0.00730826013233298,-0.00498675726816955,0.00726830990074419,0.00352622902466387,-0.00276851320510203
2016-07-01,-0.00766345259313713,0.0107906675863702,0.00235175084729423,-0.000639478473995093,-0.00943909968132902,-0.00176647559278929,-0.000146835488791836,0.00379359543272963,-0.00348997049353519,0.000390468316458543
2016-08-01,0.0100841093344177,0.0299575716105302,-0.00547521172876135,0.00467010536285949,0.00260151939913699,-0.00721243875153269,0.00689695363978674,0.00228414306924644,-0.000221493946331131,0.00362444125039036
2016-09-01,-0.0155316245563571,-0.0118086237127745,-0.0105684893619547,-0.00442112304092106,0.00741270060374419,-0.00236745043104935,-0.00745414190868649,0.00343251275897379,-0.001319380406825,-0.00469228362753429
2016-10-01,0.0344225445104754,-0.00853036405308037,-0.00152624422325879,0.00632014306063538,-0.0097184785933258,-0.00647742279680352,0.000159102383603971,-0.00179106869584205,-0.000752284540114886,0.0012261092881455
2016-11-01,0.0367925314599024,0.0499451291650405,-0.00161529002011354,0.0266018918826786,0.000530494178119283,0.0150153680414491,0.0198019771469833,-0.00139183875507137,-0.0088363912722656,0.000294459925362751
2016-12-01,0.0186366696321996,-0.00167982897362846,0.00401901553964071,0.00901189908895406,0.0010000248064847,0.00595320703404191,-0.00561030909549574,-0.00524584943986317,-0.00275296606404038,0.000595053015299981
2017-01-01,-0.00602413983060627,-0.00767176662494031,-0.00947542747210795,0.00818331708292734,0.00709007066145049,-0.00625273939485938,0.0021381487218147,0.00330483062280071,0.00608156144726825,-0.00203597253006317
2017-02-01,-0.0098211011908836,0.0217481650657367,-3.31215471565106e-05,0.0134202308721326,-0.000369459429395398,0.00459942106722334,-0.00313589258560986,-0.0017460273107645,-0.000673538976764422,0.00176479560615325
2017-03-01,0.00213607374197644,-0.00446146275564702,-0.00436142589376611,-0.00777541808055849,-0.00395633571391504,-0.00535372707442558,-0.00640031461168248,0.000976454471142842,0.000943743718876476,-0.00118465094344563
2017-04-01,0.00829128881615559,0.00170319508975734,0.00786394253061915,0.00924594724642606,-0.0142751904411158,0.00661022208989084,-0.00700466613253387,0.000424394312320428,0.000380740184065164,-0.00206008114773116
2017-05-01,0.00414364672591592,0.000221891520766803,0.000311259581354596,0.00468609028431607,0.000752644543533159,0.0118232022929794,-0.00886491110539626,0.00096412141278847,0.00128766038405685,-0.00518732176025041
2017-06-01,-0.01410905912177,0.0220633945572762,0.0144097227053782,0.0105207717829114,-0.00278533580990891,0.00381127082952083,0.0102239053719855,-0.00504081606119555,0.00677219810985655,0.00180602219733154
2017-07-01,0.0186625534550551,-0.00754681116560113,-0.00162128233086426,-0.00267543855875078,-0.00307729635968883,-0.001842610822936,-0.00422409137661053,0.00192483896554347,0.000582842065949493,0.00271953026964962
2017-08-01,0.0197983084323692,-0.00761958077927871,-0.0103665185642743,0.00982775733585495,0.00677533683324877,-0.00721535646328784,-0.00648609445984027,-0.00109671332871114,0.00587490334675872,0.000859348340032362
2017-09-01,-0.0157315943054272,0.0226014439010677,0.0107766663598969,-0.00967529283941416,0.00120172168968372,0.00387012052442403,0.0104710810181511,-0.0042295094477867,0.00117015241572457,-0.00243165234553696
2017-10-01,0.0407244300606783,-0.00399567141370591,-0.00650317206124643,0.0138729783952955,0.0146060866295738,-0.0024862194885678,-0.00137683550542622,-0.000361886569185253,-0.0016464129912969,0.00254418555305658
2017-11-01,-0.0150749074658358,0.0112618206305616,0.00751875790898592,0.00679823872808537,-0.00474616458273033,-0.00118265806819394,0.00586995215032129,-0.000856528481752096,-0.00383397238663548,0.00348495224556606
2017-12-01,-0.0186542116515485,0.00702898500105526,-0.00154910155335576,-0.0095008261096144,0.010550642611964,-0.0090520290083961,-0.000889963099357238,-0.000112110270437992,-0.000986572302430883,0.000442488499039425
2018-01-01,0.0145920034930372,0.0164254283746434,-0.00593499839975076,0.0167318555013763,0.0193065360401616,0.00872698253608666,0.010898287435973,0.00444208147931711,0.00883548914319718,0.00172441999175879
2018-02-01,0.0173110757018829,0.0151106797181071,-0.00677611834669896,0.00843702861175636,0.0147849787216333,0.00160739969302346,2.66264223297076e-05,-0.000899302364032444,-0.000106235505273824,2.40272357931507e-05
2018-03-01,-0.0189106528660024,-0.000382313325503939,0.00188012045227455,-0.00244122615206368,-0.0083229365950909,0.0044989384050764,-0.00425834633632682,-0.00398401749380811,-0.000430322927703344,0.000136412456539027
2018-04-01,-0.00783758734354814,0.000990807910516847,-0.00667689271989999,-0.0110260003516251,0.0114665171891853,0.00813220082130004,-0.0038612056091983,-0.00765418793123736,0.00161103681983366,-0.00477177598278572
2018-05-01,-0.0115557548451554,0.00135664812188122,0.00391314166508352,-0.0088261379251412,0.0142538846974372,0.0187908050553474,-0.00140983225910767,-0.000605127400366969,0.00547405945754003,-0.00501754455692141
2018-06-01,-0.0114316506558364,-0.00470772270033173,0.00899585848561043,-0.00464137702552424,-0.0115067791385506,-0.00714863004122854,-0.00594825258977562,-0.00308553859462489,-0.00185525685187855,-0.00248294496672123
2018-07-01,0.0185808885160392,-0.00121022301905508,-0.0186374642715488,0.00603002242376392,-0.00254570887330077,0.00516552292150442,0.00261354735021872,-0.000987930931129272,-0.00534715718869316,0.00238725076997344
2018-08-01,-0.00929004337443067,0.0294347310933312,-0.00913834155632943,0.0158284029477069,0.00873971697577071,0.0154975896845802,-0.00798471215211945,7.57594063103005e-05,-0.000455638890143764,-0.00209260565829206
2018-09-01,-0.00165873848642154,-0.0245814249334831,-0.00478297004470592,-0.00612135457707106,-0.00037314341902657,-0.00883206359393587,0.00506545294852649,-0.00186836639937407,0.00276143859746689,0.000359239022985189
2018-10-01,0.00793742794983787,-0.0156191315922057,-0.00270555530188665,0.00351920394971959,-0.0260183025895473,-0.0218334806850032,-0.00229608743980296,0.00155278869930389,-0.0107946291028323,0.00642678548568478
2018-11-01,0.00497624507561432,0.0152881293143726,0.008232427815645,0.0141410203885984,-0.0163123487694573,0.00416048936407844,0.00784118723919488,0.00198128900095595,-0.00301010756062393,0.00269617713524801
2018-12-01,0.0206914213279901,-0.0105028305990241,-0.000763373309616004,0.000277052232537043,-0.0125664039639799,-4.38749218802286e-05,-0.0036817899744301,0.00277900227164878,-0.00511407921970655,-0.00162153467727094
2019-01-01,-0.0204720086795368,0.0261694946616391,0.00526955371035831,0.0204608995049122,0.025321340642819,-0.00793130032788537,0.010374062641233,0.00508299876880669,0.00404628125610108,-0.00705537182591632
2019-02-01,-0.00615887982165727,0.0168998965262256,-0.00337318187131499,0.00785857202332881,-0.010815321099058,0.00413855858335592,-0.00493167527220482,0.0110002430250307,-0.00213617563174339,0.00213130966658882
2019-03-01,0.00390709432114139,-0.00849203359547034,0.00045354963834676,-0.0060645774174889,0.0065055217933026,-0.0137959069163784,0.00167253063559477,-0.000645089844092607,-0.00221589748926764,-0.00514063280762547
2019-04-01,0.0390590854598895,-0.00351747958200092,-0.0164741554442469,-0.011468538197286,0.00882185513933716,0.00613559871059836,-0.00451944151905425,0.00657200142584448,0.00555094859267553,-0.000311090731902081
2019-05-01,0.0148985589778204,-0.00379394919447063,0.0198403268093669,0.00886299271368045,-0.00564127058786023,-0.00573508726847192,-0.00312182716670522,0.000395087412703529,-0.00185900149673791,-0.000152933831829236
2019-06-01,0.013321284292082,0.00557220760332792,-0.0233481022484928,0.00117345644406495,-0.00960330305429077,0.0116525097934432,-0.00291475875680779,0.00022711445430271,-0.0020412436989085,0.00346339889406714
2019-07-01,0.0223704958758556,-0.00592543301648481,-0.0103879751543604,-0.0057852297177944,-0.0102372476498262,0.00699135876675358,-0.00527889773862112,0.00218172382886846,-0.00232411442969538,0.00495867110154897
2019-08-01,0.000581856104523121,-0.00525029279216674,0.00529073472164323,-0.00370624317648223,-0.000700542403469727,-0.00822481439923384,-0.00413632512111894,0.00469323426836368,0.00470527093377282,0.00135881406987206
2019-09-01,0.0202811684977382,0.0161162687142747,-0.0177305893663054,0.00509161560120951,-0.000209616134392596,0.00483239681204039,-0.000159819959672385,0.00616044155080791,-0.000437428536608645,0.00560634776389626
2019-10-01,0.0184362752062701,0.0121784108107792,-0.00669824462797751,0.00483507592945794,-0.0137564095265859,-0.00659260028801748,-0.00500359779269362,0.000638814250694877,0.00677433010731101,0.00433702482991241
2019-11-01,-0.00316404785703729,0.0235204314358964,0.00428478881167835,0.0112799085636224,-0.00665817576315561,0.00883099440047555,-0.00351345782747994,0.00120962163427586,-0.000221304111363771,0.00328313163636986
2019-12-01,-0.0118375814074788,-0.0187159144640595,0.000492812419210536,0.00403126030184616,0.0149131727318276,-0.00755244638288352,0.00158525475517693,-0.00424538442675418,-0.00257307711254349,0.00290172927455796
2020-01-01,-0.0132148648433924,-0.0130000651941734,0.0105468662230527,0.00516136565374753,0.0258011063657805,-0.0169834147572046,-0.0052928646461436,0.0021935219242313,-0.000289690726339092,-0.0069448962888452
2020-02-01,-0.0273723839619565,0.0128076581718398,0.0330961182254489,-0.00216631521645135,-0.00196783978349083,-0.0156958671338401,-0.00251722331518127,0.00235480787483158,0.00297184085649418,0.00127421544036823
2020-03-01,0.0133821927443625,-0.0400408873444414,0.0353579175538251,0.0162316144927661,0.0141925989923174,-0.0204382953225644,0.00818062199809647,-0.00624551626707723,0.00860976412971707,0.00336942013561626
2020-04-01,0.0146467103402731,0.0908448179959654,-0.0124809185096117,0.0064146691117239,-0.00355905066164529,-0.0170830617288445,-0.00289588458428902,0.0137232130949777,0.00668339498825053,-0.0141081410445201
2020-05-01,-0.00897432045708368,0.0258294413139948,-0.00892793681704971,-0.0178390880405432,-0.00248959879004878,-0.0158731713840605,-0.00368691173304474,-0.00940753368747111,-0.0125690902451374,0.00185135645848514
2020-06-01,-0.0338636082771861,0.0333419278938308,0.00581904666793923,-0.0324183690851991,0.0245350773128467,-0.00464136734295312,0.00184146382552453,-0.00110182656127677,-0.0117191190457072,-0.00212800188143707
2020-07-01,-0.0263402057755422,-0.0148392342646076,-0.00956338501846982,-0.0512296550467756,0.000714369805582665,0.00161731706324932,0.0146070327807781,-0.0127883128593259,-0.00246749194905736,0.0103661477624777
2020-08-01,0.0329288801385242,0.0460389885970448,-0.042444673289602,0.0117828663288747,0.000198304602120008,0.00981358059730046,-0.0199397477010209,0.00811961656889607,0.00710385980338184,0.00630215206712558
2020-09-01,-0.0205169107734875,-0.0089197958133924,0.0169509824706648,0.00714102238478275,0.000226323822220162,-0.00478277704566605,0.00308927187251212,0.000244034396322044,0.00357422931334208,2.65051182149146e-06
2020-10-01,0.0127573711935897,0.00936575220577448,-0.00655645888437077,0.0331064162787105,-0.0149186632118525,0.0136284180178116,-0.00541683171690223,0.012992598929769,-0.00232479642094627,-0.00340011920729115
2020-11-01,-0.0101583270347267,0.110303776192681,-0.0737555958693527,0.0440753128522196,-0.000122228384777086,0.0153274722613232,0.00346025302438065,0.00193344025462551,-0.00703288753945093,0.0188509148097421
2020-12-01,0.00808980294835611,0.00648144981520247,-0.0281828430881191,-0.00146912900063334,0.00299419618905011,-0.0153691562108919,-0.00686575175399756,-0.00567226113678519,-0.00234272083928198,-0.00223994944310284
2021-01-01,-0.141883204991412,0.00253126436506426,-0.0127138073896319,-0.0762921991882441,0.0224932799557485,-0.0187971282378665,0.0300728117638735,-0.0268104799261356,-0.00680997306384505,0.0206022210623128
2021-02-01,0.0167432454605629,0.0546471645676083,-0.0214370688397286,0.0267534018131776,0.00749122998978111,0.00416743553632592,0.0229199920923609,0.00326649653678407,0.00361236854972579,0.00156570172412829
2021-03-01,0.0433580327852795,-0.017069043340054,0.0233170975696963,0.034535498986422,0.00693647235812475,-0.00144115963367548,0.00220703708093008,0.0169966608442735,0.00809205071004634,-0.001893898263114
2021-04-01,0.039008712338354,0.00552391819412696,-0.0151798543401735,0.00550855430814107,0.0172732232719275,-0.00785787292532018,-0.00603964473530172,0.00662095370206247,-0.00179861396751644,-0.00662125190713569
2021-05-01,-0.00758816919916588,-0.00696981439856289,0.0108172875556029,0.0180309881878637,0.00550813637433005,0.00512987144415682,0.0118466437171808,0.00770754553166115,0.00435735888373226,-0.00332841198544255
2021-06-01,-0.0407150940152249,-0.0161284049207555,-0.0167642936872903,-0.0500361284648255,-0.00238795898420868,-0.000540197820920497,-0.00388442347502765,-0.0103798956271664,-0.00206594188296062,-0.000802859993929148
2021-07-01,0.0627532645387954,0.00324778527501318,0.0190540726707998,0.011672426717582,0.000893974897926146,-0.00340792037109938,-0.0101524290793173,0.0061734597079901,0.00109022469170971,-0.0023277682848082
2021-08-01,-0.00365797265844229,0.00969656086418582,-0.0183639298104932,0.00108443908395006,0.0117463696101845,-0.00551968838479954,-0.00242372283839755,0.00319412706755209,0.00635403954832462,-0.000401728346429463
2021-09-01,-0.00349068691189144,0.0241011779393665,-0.0107777634297947,0.00450076130130993,-0.00727880009134504,0.00334714635528663,-0.00621680644234826,0.000966941037929205,0.000559467006504762,0.00732412050288504
2021-10-01,0.0443362632510335,-0.0328125013474086,-0.0487233147367167,5.19842168135463e-05,0.0100897079905241,-0.00558620389573045,-0.0338408101229651,0.00126541945557356,0.00649543146574195,0.0154640470611082
2021-11-01,0.0509660031313632,-0.031765379980254,-0.00925892458277577,-0.000371967412845746,0.00784418993746444,-0.00484191801432837,-0.0171135253624261,0.00783125423238396,0.00427715502126861,-0.00282433305918447
2021-12-01,0.0673705129425361,0.0399047217655705,0.0294212382343854,0.026684660780806,-0.0253484566073422,-0.0128711355426872,0.00764400322322464,0.011533615116875,0.00504920114283954,0.00152482451524554
2022-01-01,0.0636194227142144,0.0275274142314208,0.0188008955890622,0.0221027576252036,-0.0119819578898129,-0.00890599759626716,0.0101732154502369,0.00747794059532834,0.00512334354224141,-0.00271893790260891
2022-02-01,-0.00334214340879641,0.00459727952586453,-0.0299775356947945,0.00730715191671203,-0.0126542921556146,0.00665407421638914,0.0114360830332821,0.00604610427004569,-0.00230814506323306,0.00422339933250705
2022-03-01,-0.0101725277965343,-0.0519814483964532,-0.0116641437476377,-0.0262842230070749,-0.00807071716104759,-0.0211094007585203,-0.0139936366457102,-0.000507793287624472,-0.0014334351186447,0.0046792735403929
2022-04-01,0.0160691068271018,0.0315480773983138,0.0167510317019158,0.033654889062724,-0.0279511874729365,0.0258738473623741,0.00515134489386123,0.00721209624148526,0.0139120948066781,-0.00228788413062517
2022-05-01,0.00845077035956361,-0.00252760329869915,-0.0063773698812891,0.026541208058857,-0.01377941558478,0.020204555264642,0.00272472015235892,0.00410437559454818,0.0110155284396456,0.00692605614198551
2022-06-01,0.00599452113044633,-0.0120064647819566,0.0524940012305881,-0.00314975299511608,-0.0105051948219641,-0.00656101576496007,-0.00870265999265831,-0.000911726204021053,-0.0133390303127395,-0.0090929571901947
2022-07-01,0.0350729494884416,-0.034305060263675,-0.04242332006899,-0.011032905883322,0.00528352001769218,-0.00558915147276972,-0.000309627576853328,-0.00566593082829546,0.0064229121493036,0.00777255856562571
2022-08-01,-0.0409643717049279,-0.00161914393601516,-0.00248166987967656,0.00177628613236231,-0.0105420423155396,0.00610864477233181,0.00731630511211245,-0.00665638621476171,-0.0108205931308001,-0.0030855035160849
2022-09-01,0.0156361898470337,0.00444957477534143,0.00144755658031529,0.00631918845203831,-0.0113699500848444,0.0117430802445568,-0.0230039888602771,-0.000344470301159967,0.00972126478239098,-0.00360164340765116
2022-10-01,0.0128106220649429,0.0436287022881558,-0.0448528783617732,0.0244186269151355,0.0280648912243791,0.0574359049856413,0.00493138352646425,-0.0171981429658427,0.00554475450871047,-0.0125307965052566
2022-11-01,0.0407964666451834,0.0179958745027082,0.0204814958775528,0.0230783143006769,-0.0184987891774739,0.0102947884460909,0.015232817503974,0.00403115382533275,0.00959383914061745,0.0160178931773378
2022-12-01,0.0108155215389491,0.0530861425002303,0.0297252690466698,0.0143019678601568,-0.0105193559672814,0.0186919533847375,0.00957142231303634,0.0010279642439703,-0.0115186369120516,-0.00856348635840746
2023-01-01,-0.0225786412167962,-0.0309591215329993,0.0092919372045813,-0.0102184286003333,0.0224394171947601,-0.00841729167601163,0.00193002233983671,-0.0146237792560721,-0.00388807575979452,0.0122254395372212
2023-02-01,0.0213548690729138,-0.0127942780411467,0.00851746945681723,0.000386163591357753,-0.0139151374990927,0.00156656997280322,-0.0108479730399852,0.00524771971849989,0.0175784874015594,0.0110065202457729
2023-03-01,0.0691634104916735,-0.0292772219028539,0.0164889877501349,-0.0209442444218383,0.0426378550985713,0.029060075831339,-0.00642368784359288,-0.0138517152308382,0.00739978217438469,0.00907478376080828
2023-04-01,0.0131749308108551,0.0204841878109693,0.0236837079810244,0.0166813306992439,0.0136024029231953,0.00649598851601334,0.0130688534727017,-0.00305359790062728,-0.00233423425512874,-0.0103892700146679
2023-05-01,0.0201790077027575,-0.0721715807270198,0.0209722261591348,0.0155174667543693,0.0348208748555679,-0.00563837354987913,-0.0122128716132629,-0.016769747817127,0.0212013857290026,0.0228001239763955
2023-06-01,0.0189505807300677,-0.0284586099621371,-0.0314083645864068,-0.00717884485692092,-0.000692032005020553,0.0230462883936087,-0.00957463768515382,0.0103140040156266,0.00880784288071729,0.00595511863277638
2023-07-01,-0.00211415941568844,-0.00117101264515221,-0.0253814821315803,0.00796998783381651,-0.0112721572110853,0.00739232868484293,0.00520078839247846,0.0068597148881108,0.00449860101145817,0.0145698999195345
2023-08-01,0.0289316677477657,-0.00400618247417764,-0.000313267873925095,0.00682206205995625,-0.0111177304624808,0.00155914053238447,-0.00354620605786706,0.00395860340512681,0.00919292230757182,0.00752830291458213
2023-09-01,0.009525896141291,-0.00492823309336516,-0.0173327852758355,-0.000778744617978082,-0.0203276205859185,-0.00157747108849011,-0.00467207521097897,0.0090381020972764,0.00438263453995384,0.0022636840729904
2023-10-01,0.0325065147383529,0.00513922046865759,0.0149622039662483,0.0102827166561322,-0.00178554933638859,0.0042678942758966,-0.00555266529977944,0.00302276708277266,0.017439750474456,-0.00269834960950796
2023-11-01,0.0156822839003069,0.00463076362509842,0.0196191027103919,0.0109623080081206,0.013823456960626,0.00689100114018594,-0.00153235071922916,-0.00154277795285022,0.00844312048889088,0.0118757518633179
2023-12-01,-0.0305076447296523,0.0232457398274674,-0.0114985885791777,0.0026759072323342,0.00121461387764534,0.018757325137821,0.00243067829277305,-0.00353689023019544,0.0052659139186146,0.00250236537493746
2024-01-01,0.0520140629299434,-0.00907189365049792,0.0245944307781841,0.0206783194474421,0.0385722654407094,-0.00615573598875806,-0.00317876838251142,-0.014027737815999,0.0131901265878999,-0.00172704840763409
2024-02-01,0.00191181758555429,-0.0179756518922318,0.0365504050814703,0.0039775746021268,0.0195416284299544,-0.0174325061901178,0.00590382170383337,-0.0152807423325476,-0.00448693495325233,0.0136279272541042
2024-03-01,0.0145694283500977,-0.00614164481485278,-0.022129633603103,0.0333015712470146,0.00101433690680026,0.00391016815773049,0.00223352643859111,-0.00445249615476388,-0.00477155861958888,0.00693113258606042
2024-04-01,0.0118772347395557,0.00593590504059318,-0.0163614415537165,0.0179028307886086,-0.00619772594669255,-0.0155390784510882,-0.00322956852841521,0.00891567039176217,0.00371084900788396,0.00651640881745748
2024-05-01,-7.58009856657976e-05,-0.0369236692779644,0.00615613223475934,0.034391911719195,0.00599549894569692,-0.0104959693715337,0.0356913845554891,-0.00087908788939618,0.0154450607060885,0.00508692610030487
2024-06-01,0.0430666953087169,-0.0308033488239467,0.0215518549299917,0.011778523382453,-0.00587620590682182,-0.00527134224343823,0.00197090664036906,0.00488053296613501,0.0186560990756604,0.0149047248748616
2024-07-01,-0.0063370854477577,0.0187483242899008,-0.0260053196121537,-0.00739953363496989,-0.0376517039432458,0.0238665334626577,-0.023534587047745,0.0107802939363993,-0.00192427567917528,0.00260680733327243
2024-08-01,0.0322394717955595,0.00518126842045703,0.0288196633737107,0.0028704979530357,-0.0202265379957793,0.00884286164726076,-0.00355007476228885,0.000987989602659433,0.00184731323198959,0.000418647390962305
2024-09-01,0.0196684536277084,-0.0121578157388006,0.00859437199681673,-0.00380367540978098,-0.00364281803154373,-0.00660565899636644,-0.000731744236408976,0.000226649284824586,0.0036035989226051,0.00255085509625438
2024-10-01,0.0140854548956967,-0.0120165960230162,0.0182588507042395,0.0198050518204382,0.00789208423218034,-0.00899620641699802,-0.00115989137004155,-0.00579866885746567,0.00173850679811965,-0.0013193233048718
2024-11-01,0.00480333943450182,-0.0113689429986055,0.0045252360192559,-0.0223287285152163,-0.0266414185613139,0.0143154321265797,-0.0311688878791414,0.00735986880119258,-0.0105495709853075,0.0103031952636438
2024-12-01,0.0165782006277973,-0.0174106478136885,0.0259133306050846,0.0071450743034481,0.059925913056716,-0.0273532224729679,0.00417932920529109,-0.00692482997027267,-0.00410383447227503,-0.00327482527092885
